address,zip_code,price,sell_date,sell_type,price_per_sq_m,no_rooms,housing_type,size_in_sq_m,year_of_construction,price_change_in_pct
Kådhøjvej 21 8530 Hjortshøj,21,1649000.0,21-04-2017,Alm.,14339,3,Villa,115,1969,0 %
Højager 49 8530 Hjortshøj,49,2850000.0,18-04-2017,Alm.,21755,5,Rækkehus,131,1987,-3 %
Sølykken 20 8530 Hjortshøj,20,2995000.0,17-04-2017,Alm.,23038,4,Dobbelthus,130,2017,0 %
Hastruptoften 6 8530 Hjortshøj,6,2970000.0,06-04-2017,Alm.,21838,4,Rækkehus,136,2009,
Gammel Kirkevej 14K 8530 Hjortshøj,0,2200000.0,04-04-2017,Alm.,19819,3,Villa,111,1974,
Virupvej 14 8530 Hjortshøj,14,2245000.0,09-03-2017,Alm.,20409,4,Villa,110,1961,-4 %
Gammel Kirkevej 67 8530 Hjortshøj,67,1450000.0,06-03-2017,Alm.,10211,5,Villa,142,1969,-6 %
Mølleager 15 8530 Hjortshøj,15,2375000.0,26-02-2017,Alm.,20127,4,Villa,118,1967,-5 %
Virup Skovvej 95 8530 Hjortshøj,95,2775000.0,20-02-2017,Alm.,21679,3,Rækkehus,128,2012,-4 %
Sensommervej 129 8530 Hjortshøj,129,3345000.0,10-02-2017,Alm.,21720,6,Villa,154,1999,0 %
Bøggildsvej 54 8530 Hjortshøj,54,1880000.0,06-02-2017,Alm.,10386,8,Villa,181,1978,-1 %
Virupvej 55 8530 Hjortshøj,55,525000.0,05-02-2017,Andet,2524,8,Villa,208,1897,
Løvagervej 39 8530 Hjortshøj,39,2550000.0,24-01-2017,Alm.,13934,7,Villa,183,1969,0 %
Spartavej 10 8530 Hjortshøj,10,1375000.0,13-01-2017,Alm.,9417,5,Villa,146,1964,-2 %
Kalstrup 3 8530 Hjortshøj,3,1999000.0,10-01-2017,Alm.,13151,5,Stuehus,152,1940,
Løvagervej 25 8530 Hjortshøj,25,1075000.0,26-12-2016,Fam.,11436,4,Villa,94,1970,
Løvgangen 4 8530 Hjortshøj,4,2500000.0,22-12-2016,Alm.,17241,5,Villa,145,1963,-14 %
Gammel Kirkevej 14E 8530 Hjortshøj,0,2300000.0,08-12-2016,Alm.,16546,5,Villa,139,1974,-4 %
Lindåhøje 7 8530 Hjortshøj,7,14075000.0,07-12-2016,Alm.,118277,4,Stuehus,119,1922,
Balshøje 3 8530 Hjortshøj,3,650000.0,07-12-2016,Alm.,6701,4,Villa,97,1949,
Hjortshøj Stationsvej 24E 8530 Hjortshøj,0,2249000.0,29-11-2016,Alm.,22490,4,Rækkehus,100,2001,0 %
Gammel Kirkevej 160 8530 Hjortshøj,160,800000.0,29-11-2016,Alm.,5405,3,Villa,148,2012,
Vanggårdsvej 1B 8530 Hjortshøj,0,4300000.0,23-11-2016,Alm.,11139,11,Villa,386,1876,-14 %
Hjortshøjvangen 80 8530 Hjortshøj,80,4375000.0,23-11-2016,Alm.,23395,6,Villa,187,2012,-1 %
Løvagervej 7 8530 Hjortshøj,7,2495000.0,19-11-2016,Alm.,20450,5,Villa,122,1966,0 %
Løvagervej 46 8530 Hjortshøj,46,2065000.0,16-11-2016,Alm.,14856,6,Villa,139,1969,-10 %
Sastrupvej 50 8530 Hjortshøj,50,8472500.0,16-11-2016,Alm.,34026,5,Villa,249,2006,
Spørringvej 9 8530 Hjortshøj,9,1299000.0,15-11-2016,Alm.,8958,4,Villa,145,1964,0 %
Mejlbyparken 4 8530 Hjortshøj,4,2550000.0,15-11-2016,Alm.,15269,6,Villa,167,2011,-4 %
Højager 43 8530 Hjortshøj,43,1375000.0,10-11-2016,Fam.,10496,5,Rækkehus,131,1987,
Sensommervej 58 8530 Hjortshøj,58,2299000.0,07-11-2016,Alm.,20526,4,Rækkehus,112,2016,0 %
Sensommervej 60 8530 Hjortshøj,60,2299000.0,19-10-2016,Alm.,20526,4,Rækkehus,112,2016,0 %
Sensommervej 54 8530 Hjortshøj,54,2499000.0,19-10-2016,Alm.,21730,4,Rækkehus,115,2016,
Sensommervej 66 8530 Hjortshøj,66,2349000.0,18-10-2016,Alm.,20973,4,Rækkehus,112,2016,0 %
Mejlbyvej 697 8530 Hjortshøj,697,1545000.0,13-10-2016,Alm.,13918,3,Villa,111,1957,0 %
Sensommervej 24 8530 Hjortshøj,24,2100000.0,11-10-2016,Alm.,19090,4,Rækkehus,110,1999,-7 %
Løvgangen 2 8530 Hjortshøj,2,403707.0,25-09-2016,Fam.,2158,6,Villa,187,1916,
Bøggildsvej 52 8530 Hjortshøj,52,2000000.0,22-09-2016,Alm.,12820,4,Villa,156,1966,-5 %
Mejlbyvej 678 8530 Hjortshøj,678,1425000.0,21-09-2016,Alm.,9760,4,Villa,146,1918,-8 %
Trojavej 19 8530 Hjortshøj,19,2150000.0,13-09-2016,Alm.,12647,7,Villa,170,1964,0 %
Korsvej 1B 8530 Hjortshøj,0,2525000.0,13-09-2016,Alm.,14185,6,Stuehus,178,1895,-9 %
Hjortshøj Stationsvej 18B 8530 Hjortshøj,0,1000000.0,12-09-2016,Fam.,10101,4,Rækkehus,99,2002,
Højager 6 8530 Hjortshøj,6,2725000.0,05-09-2016,Alm.,18412,6,Rækkehus,148,1988,
Hastruptoften 13 8530 Hjortshøj,13,2925000.0,26-08-2016,Alm.,21507,4,Rækkehus,136,2008,-2 %
Lille Todbjerg 9 8530 Hjortshøj,9,5200000.0,23-08-2016,Alm.,24761,5,Stuehus,210,1918,
Lindåhøje 1 8530 Hjortshøj,1,6000000.0,20-08-2016,Alm.,40000,2,Stuehus,150,1874,
Asmusvænget 12A 8530 Hjortshøj,0,1525000.0,19-08-2016,Alm.,14805,4,Rækkehus,103,1981,-12 %
Bøggildsvej 48 8530 Hjortshøj,48,1450000.0,19-08-2016,Alm.,10211,5,Stuehus,142,1914,-3 %
Grimsbrovej 6 8530 Hjortshøj,6,1360000.0,18-08-2016,Fam.,8500,6,Villa,160,1927,
Løvagervej 3 8530 Hjortshøj,3,2400000.0,15-08-2016,Fam.,20689,5,Villa,116,1968,
Samosvej 14 8530 Hjortshøj,14,1750000.0,08-08-2016,Alm.,13461,4,Villa,130,1971,-3 %
Gammel Kirkevej 79 8530 Hjortshøj,79,3395000.0,02-08-2016,Alm.,18861,4,Rækkehus,180,2015,3 %
Kådhøjvej 10 8530 Hjortshøj,10,2985000.0,12-07-2016,Alm.,23503,5,Villa,127,1964,0 %
Gammel Kirkevej 14L 8530 Hjortshøj,0,1750000.0,08-07-2016,Alm.,15765,4,Villa,111,1974,-1 %
Parosvej 37 8530 Hjortshøj,37,674250.0,08-07-2016,Alm.,4322,4,Villa,156,2016,0 %
Hjortshøjvangen 58 8530 Hjortshøj,58,3448000.0,06-07-2016,Alm.,22834,5,Villa,151,2011,0 %
Hjortshøjvangen 2A 8530 Hjortshøj,0,2900000.0,01-07-2016,Alm.,15343,5,Villa,189,2008,-3 %
Mølleager 1 8530 Hjortshøj,1,2350000.0,30-06-2016,Alm.,19583,4,Villa,120,1967,-2 %
Mølledalen 12 8530 Hjortshøj,12,2175000.0,24-06-2016,Alm.,21750,4,Villa,100,1968,
Virupvej 48B 8530 Hjortshøj,0,2675000.0,23-06-2016,Alm.,19107,4,Villa,140,1976,
Hjortshøjvangen 84 8530 Hjortshøj,84,3948000.0,22-06-2016,Alm.,24521,6,Villa,161,2012,-1 %
Østergårdstoften 150 8530 Hjortshøj,150,2475000.0,17-06-2016,Alm.,20454,4,Rækkehus,121,2006,
Engvej 6 8530 Hjortshøj,6,1908000.0,17-06-2016,Alm.,14676,5,Villa,130,1907,1 %
Kalstrup 13 8530 Hjortshøj,13,1675000.0,10-06-2016,Alm.,11879,6,Villa,141,1916,0 %
Virupvej 85 8530 Hjortshøj,85,1300000.0,08-06-2016,Fam.,9285,5,Stuehus,140,1900,
Smedebakken 9 8530 Hjortshøj,9,1525000.0,03-06-2016,Alm.,14950,5,Rækkehus,102,1900,-2 %
Sensommervej 50 8530 Hjortshøj,50,2538912.0,01-06-2016,Alm.,22077,4,Rækkehus,115,2016,-2 %
Melosvej 6 8530 Hjortshøj,6,1850000.0,01-06-2016,Alm.,11011,6,Villa,168,1965,
Sølykken 17 8530 Hjortshøj,17,2548000.0,01-06-2016,Alm.,25227,3,Rækkehus,101,2017,
Sølykken 22 8530 Hjortshøj,22,2975000.0,01-06-2016,Alm.,22884,4,Dobbelthus,130,2017,
Virupvej 47 8530 Hjortshøj,47,2595000.0,31-05-2016,Alm.,20927,4,Villa,124,1914,0 %
Sensommervej 68 8530 Hjortshøj,68,2599000.0,31-05-2016,Alm.,22600,4,Rækkehus,115,2016,
Smedebakken 6 8530 Hjortshøj,6,2299000.0,25-05-2016,Alm.,18102,5,Villa,127,1875,0 %
Bygbjerg 7 8530 Hjortshøj,7,2300000.0,17-05-2016,Alm.,18548,4,Villa,124,1973,-2 %
Sensommervej 62 8530 Hjortshøj,62,2599000.0,17-05-2016,Alm.,22600,4,Rækkehus,115,2016,
Melosvej 5 8530 Hjortshøj,5,1550000.0,12-05-2016,Alm.,11923,4,Villa,130,1969,-3 %
Løvagervej 48 8530 Hjortshøj,48,2500000.0,03-05-2016,Alm.,19230,6,Villa,130,1969,-4 %
Sensommervej 56 8530 Hjortshøj,56,2599000.0,29-04-2016,Alm.,22600,4,Rækkehus,115,2016,0 %
Sensommervej 64 8530 Hjortshøj,64,2599000.0,29-04-2016,Alm.,22600,4,Rækkehus,115,2016,
Højager 55 8530 Hjortshøj,55,2995000.0,26-04-2016,Alm.,20944,6,Rækkehus,143,1987,
Vanggårdsvej 1E 8530 Hjortshøj,0,1250000.0,21-04-2016,Alm.,12500,4,Rækkehus,100,2003,-4 %
Parosvej 35 8530 Hjortshøj,35,668250.0,18-04-2016,Alm.,3065,6,Villa,218,2016,0 %
Sensommervej 74 8530 Hjortshøj,74,3150000.0,17-04-2016,Alm.,21283,6,Villa,148,1998,
Hastruptoften 8 8530 Hjortshøj,8,2850000.0,15-04-2016,Alm.,20955,4,Rækkehus,136,2008,-1 %
Hjortshøj Stationsvej 20C 8530 Hjortshøj,0,2100000.0,13-04-2016,Alm.,21212,4,Rækkehus,99,2002,-2 %
Smedebakken 3 8530 Hjortshøj,3,2415000.0,12-04-2016,Fam.,20125,7,Stuehus,120,1710,
Sensommervej 52 8530 Hjortshøj,52,2549000.0,06-04-2016,Alm.,22758,4,Rækkehus,112,2016,
Delfivej 44 8530 Hjortshøj,44,1650000.0,01-04-2016,Alm.,14473,4,Villa,114,1978,-6 %
Smedebakken 11 8530 Hjortshøj,11,1120000.0,11-03-2016,Fam.,11200,4,Rækkehus,100,1677,
Kalstrup 16 8530 Hjortshøj,16,720000.0,03-03-2016,Alm.,10285,2,Stuehus,70,1917,-10 %
Hjortshøj Stationsvej 10 8530 Hjortshøj,10,2300000.0,24-02-2016,Alm.,18548,4,Villa,124,1913,-2 %
Skovager 7 8530 Hjortshøj,7,4298000.0,19-02-2016,Alm.,24988,6,Villa,172,2000,0 %
Balshøje 2 8530 Hjortshøj,2,1800000.0,15-02-2016,Alm.,9000,7,Villa,200,1917,-10 %
Hellasvej 13 8530 Hjortshøj,13,1570000.0,14-02-2016,Alm.,15096,4,Villa,104,1965,-2 %
Risvangsvej 30 8530 Hjortshøj,30,3500000.0,04-02-2016,Alm.,17857,5,Stuehus,196,1910,
Georgsmindevej 47 8530 Hjortshøj,47,1735000.0,26-01-2016,Alm.,14956,4,Villa,116,1971,-8 %
Hjortshøj Stationsvej 43 8530 Hjortshøj,43,2900000.0,19-01-2016,Alm.,10943,8,Villa,265,1947,-3 %
Hellasvej 1 8530 Hjortshøj,1,1600000.0,20-12-2015,Alm.,10666,4,Villa,150,1962,-11 %
Koldkærvej 3 8530 Hjortshøj,3,2847500.0,17-12-2015,Fam.,25886,4,Stuehus,110,1922,
Spørringvej 6 8530 Hjortshøj,6,8410000.0,17-12-2015,Fam.,47784,5,Stuehus,176,1986,
Asmusvænget 10 8530 Hjortshøj,10,2600000.0,26-11-2015,Alm.,14689,6,Villa,177,1970,-7 %
Gammel Kirkevej 62 8530 Hjortshøj,62,750000.0,05-11-2015,Fam.,5597,6,Villa,134,2005,
Hæstvej 2B 8530 Hjortshøj,0,2760000.0,05-11-2015,Alm.,17142,5,Villa,161,2003,-1 %
Delfivej 26 8530 Hjortshøj,26,1775000.0,04-11-2015,Alm.,11677,5,Villa,152,1977,-1 %
Højager 3 8530 Hjortshøj,3,2470000.0,02-11-2015,Alm.,18854,5,Rækkehus,131,1987,-1 %
Spørringvej 4 8530 Hjortshøj,4,1450000.0,26-10-2015,Alm.,12500,4,Villa,116,1890,
Bøggildsvej 42 8530 Hjortshøj,42,2200000.0,25-10-2015,Fam.,14666,3,Stuehus,150,1914,
Mølleager 14 8530 Hjortshøj,14,2310000.0,19-10-2015,Alm.,15714,5,Villa,147,1967,-8 %
Samosvej 11 8530 Hjortshøj,11,1795000.0,15-10-2015,Alm.,12465,5,Villa,144,1966,0 %
Hjortshøjvangen 118 8530 Hjortshøj,118,2390000.0,12-10-2015,Alm.,20964,4,Rækkehus,114,2016,1 %
Hjortshøjvangen 110 8530 Hjortshøj,110,2298000.0,09-10-2015,Alm.,19982,4,Rækkehus,115,2015,0 %
Stendyssevej 15 8530 Hjortshøj,15,2548000.0,02-10-2015,Alm.,15631,5,Villa,163,1961,0 %
Præstemarken 2 8530 Hjortshøj,2,2334880.0,30-09-2015,Alm.,30323,3,Stuehus,77,1927,-1 %
Sortemosevej 78 8530 Hjortshøj,78,1089300.0,15-09-2015,Fam.,6296,6,Villa,173,2016,
Mejlbyvej 613 8530 Hjortshøj,613,150000.0,14-09-2015,Alm.,937,9,Stuehus,160,1870,
Hjortshøjvangen 98 8530 Hjortshøj,98,2390000.0,07-09-2015,Alm.,20782,4,Rækkehus,115,2015,1 %
Skødstrupvej 65 8530 Hjortshøj,65,654500.0,31-08-2015,Fam.,3576,5,Stuehus,183,2012,
Bøggildsvej 24 8530 Hjortshøj,24,2100000.0,28-08-2015,Alm.,10500,5,Villa,200,1964,-2 %
Hjortshøjvangen 116 8530 Hjortshøj,116,2295000.0,28-08-2015,Alm.,20131,4,Rækkehus,114,2016,0 %
Virupvej 58 8530 Hjortshøj,58,1775000.0,26-08-2015,Alm.,11993,5,Villa,148,1927,0 %
Skolelodden 40 8530 Hjortshøj,40,1440000.0,14-08-2015,Alm.,14257,4,Villa,101,1969,-4 %
Hjortshøjvangen 114 8530 Hjortshøj,114,2365000.0,05-08-2015,Alm.,20745,3,Rækkehus,114,2016,0 %
Gammel Kaløvej 11 8530 Hjortshøj,11,1275000.0,20-07-2015,Alm.,11086,5,Villa,115,1936,-9 %
Hesselballevej 45 8530 Hjortshøj,45,3875000.0,17-07-2015,Alm.,18023,6,Stuehus,215,1922,-3 %
Melosvej 2 8530 Hjortshøj,2,1740000.0,09-07-2015,Alm.,10357,5,Villa,168,1967,-8 %
Mejlbyparken 10 8530 Hjortshøj,10,2650000.0,07-07-2015,Alm.,16987,4,Villa,156,2008,0 %
Virupvej 40G 8530 Hjortshøj,0,1925000.0,06-07-2015,Alm.,15524,4,Villa,124,1977,-12 %
Sensommervej 13 8530 Hjortshøj,13,2075000.0,30-06-2015,Alm.,19212,4,Rækkehus,108,2000,-3 %
Tronkærvej 2 8530 Hjortshøj,2,1800000.0,25-06-2015,Fam.,9625,7,Stuehus,187,1877,
Hjortshøjvangen 104 8530 Hjortshøj,104,2295000.0,25-06-2015,Alm.,19956,3,Rækkehus,115,2015,0 %
Hjortshøjvangen 102 8530 Hjortshøj,102,2295000.0,22-06-2015,Alm.,19956,4,Rækkehus,115,2015,0 %
Parosvej 21 8530 Hjortshøj,21,633750.0,22-06-2015,Alm.,3371,5,Villa,188,2016,0 %
Stendyssevej 7 8530 Hjortshøj,7,766941.0,19-06-2015,Alm.,6038,4,Villa,127,1960,
Gammel Kirkevej 122 8530 Hjortshøj,122,3475000.0,18-06-2015,Alm.,23013,8,Villa,151,2011,0 %
Hjortshøjvangen 106 8530 Hjortshøj,106,2320000.0,15-06-2015,Alm.,20173,4,Rækkehus,115,2015,1 %
Kretavej 7 8530 Hjortshøj,7,1100000.0,10-06-2015,Alm.,10576,4,Villa,104,1963,
Hjortshøjvangen 108 8530 Hjortshøj,108,2295000.0,01-06-2015,Alm.,19956,4,Rækkehus,115,2015,
Clemensvej 5 8530 Hjortshøj,5,2900000.0,28-05-2015,Alm.,14871,7,Stuehus,195,1880,-3 %
Parosvej 29 8530 Hjortshøj,29,624000.0,27-05-2015,Alm.,4457,5,Villa,140,2016,0 %
Mølledalen 11 8530 Hjortshøj,11,2600000.0,26-05-2015,Alm.,11555,7,Villa,225,1970,
Skovager 11 8530 Hjortshøj,11,3800000.0,22-05-2015,Alm.,24836,6,Villa,153,2000,-5 %
Helbovej 6 8530 Hjortshøj,6,1651957.0,19-05-2015,Auktion,9717,6,Villa,170,1972,
Parosvej 31 8530 Hjortshøj,31,611250.0,13-05-2015,Alm.,3574,5,Villa,171,2016,0 %
Virup Skovvej 47 8530 Hjortshøj,47,2400000.0,07-05-2015,Alm.,17647,4,Rækkehus,136,2015,-4 %
Virup Skovvej 45 8530 Hjortshøj,45,2400000.0,07-05-2015,Alm.,19047,4,Rækkehus,126,2015,
Virup Skovvej 73 8530 Hjortshøj,73,2300000.0,07-05-2015,Alm.,17692,4,Rækkehus,130,2015,-8 %
Virup Skovvej 43 8530 Hjortshøj,43,2400000.0,07-05-2015,Alm.,17391,4,Rækkehus,138,2015,-2 %
Virup Skovvej 35 8530 Hjortshøj,35,2100000.0,07-05-2015,Alm.,18584,4,Rækkehus,113,2015,
Bygbjerg 3 8530 Hjortshøj,3,1698000.0,04-05-2015,Alm.,17873,4,Villa,95,1971,0 %
Gammel Kirkevej 14G 8530 Hjortshøj,0,2499000.0,27-04-2015,Alm.,16549,6,Villa,151,1975,0 %
Skolelodden 20 8530 Hjortshøj,20,1430000.0,23-04-2015,Alm.,8511,4,Villa,168,1971,-4 %
Spørringvej 37 8530 Hjortshøj,37,1350000.0,23-04-2015,Andet,3982,9,Stuehus,339,1852,
Gyden 13 8530 Hjortshøj,13,3550000.0,19-04-2015,Alm.,19398,5,Villa,183,1862,-7 %
Bøggildsvej 15 8530 Hjortshøj,15,787367.0,15-04-2015,Andet,5146,5,Villa,153,1800,
Hjortshøjvangen 100 8530 Hjortshøj,100,2337250.0,01-04-2015,Alm.,20323,4,Rækkehus,115,2015,
Skovager 23 8530 Hjortshøj,23,3050000.0,27-03-2015,Alm.,17231,7,Villa,177,2001,-8 %
Gammel Møllevej 5 8530 Hjortshøj,5,2445000.0,27-03-2015,Alm.,20720,3,Villa,118,1975,
Sastrupvej 10 8530 Hjortshøj,10,2895000.0,27-03-2015,Alm.,16542,4,Villa,175,1987,0 %
Salonikivej 129 8530 Hjortshøj,129,1898000.0,24-03-2015,Alm.,15816,3,Villa,120,2014,0 %
Hjortshøjvangen 112 8530 Hjortshøj,112,2405000.0,09-03-2015,Alm.,20913,4,Rækkehus,115,2015,
Hjortshøjvangen 96 8530 Hjortshøj,96,4220000.0,06-03-2015,Alm.,21100,5,Villa,200,2013,-3 %
Delfivej 10 8530 Hjortshøj,10,2237500.0,02-03-2015,Alm.,17211,4,Villa,130,1963,0 %
Kådhøjvej 12 8530 Hjortshøj,12,2700000.0,19-02-2015,Alm.,6835,14,Villa,395,1971,-7 %
Virup Skovvej 49 8530 Hjortshøj,49,2514600.0,16-02-2015,Alm.,17708,4,Rækkehus,142,2015,
Virup Skovvej 33 8530 Hjortshøj,33,1995000.0,16-02-2015,Alm.,17812,3,Rækkehus,112,2015,-5 %
Skovager 17 8530 Hjortshøj,17,3390000.0,12-02-2015,Alm.,23379,5,Villa,145,1998,-3 %
Kådhøjvej 13 8530 Hjortshøj,13,1598000.0,09-02-2015,Alm.,13775,4,Villa,116,1965,0 %
Mejlbyparken 12 8530 Hjortshøj,12,2499000.0,05-02-2015,Alm.,16660,6,Villa,150,2010,0 %
Hjortshøj Stationsvej 26D 8530 Hjortshøj,0,2050000.0,30-01-2015,Alm.,20707,4,Rækkehus,99,2001,-2 %
Spørringvej 40 8530 Hjortshøj,40,2735000.0,29-01-2015,Alm.,11891,5,Stuehus,230,1964,-2 %
Hjortshøjvangen 94 8530 Hjortshøj,94,1600000.0,28-01-2015,Andet,9580,6,Villa,167,2011,
Virup Skovvej 75 8530 Hjortshøj,75,2420000.0,16-01-2015,Alm.,18615,4,Rækkehus,130,2015,
Delfivej 35 8530 Hjortshøj,35,1670000.0,02-01-2015,Alm.,12651,5,Villa,132,1977,-1 %
Hundkærvej 31 8530 Hjortshøj,31,1510000.0,16-12-2014,Alm.,14950,4,Villa,101,1980,-11 %
Kastrup Skovvej 15 8530 Hjortshøj,15,2050000.0,16-12-2014,Alm.,20500,4,Villa,100,1954,-7 %
Engtoftevej 8 8530 Hjortshøj,8,950000.0,08-12-2014,Andet,5367,7,Villa,177,1850,
Kalstrup 11 8530 Hjortshøj,11,1925000.0,05-12-2014,Alm.,7608,9,Villa,253,1916,-4 %
Virup Skovvej 81 8530 Hjortshøj,81,2330000.0,04-12-2014,Alm.,17923,4,Rækkehus,130,2015,
Gammel Kirkevej 77 8530 Hjortshøj,77,2550000.0,03-12-2014,Alm.,14166,4,Rækkehus,180,2015,
Bækvangen 13 8530 Hjortshøj,13,1948000.0,02-12-2014,Alm.,18552,4,Rækkehus,105,1989,-3 %
Kådhøjvej 3 8530 Hjortshøj,3,2098000.0,27-11-2014,Alm.,13802,4,Villa,152,1965,0 %
Vanggårdsvej 6 8530 Hjortshøj,6,1340000.0,26-11-2014,Alm.,10806,3,Villa,124,1976,-10 %
Virup Skovvej 5 8530 Hjortshøj,5,3130000.0,13-11-2014,Alm.,19685,5,Villa,159,2013,-1 %
Virup Skovvej 37 8530 Hjortshøj,37,1995000.0,12-11-2014,Alm.,17654,4,Rækkehus,113,2015,0 %
Gammel Kirkevej 73 8530 Hjortshøj,73,2550000.0,11-11-2014,Alm.,14166,4,Rækkehus,180,2015,
Bækvangen 19 8530 Hjortshøj,19,1398000.0,10-11-2014,Alm.,18155,3,Rækkehus,77,1989,0 %
Gammel Kirkevej 69 8530 Hjortshøj,69,2550000.0,10-11-2014,Alm.,14166,4,Rækkehus,180,2015,
Gammel Kirkevej 75 8530 Hjortshøj,75,2550000.0,31-10-2014,Alm.,14166,4,Rækkehus,180,2015,
Virup Skovvej 77 8530 Hjortshøj,77,2398000.0,27-10-2014,Alm.,18166,3,Rækkehus,132,2015,
Gammel Kirkevej 14D 8530 Hjortshøj,0,2087500.0,24-10-2014,Alm.,16567,4,Villa,126,1976,-5 %
Mejlbyvej 612 8530 Hjortshøj,612,650000.0,21-10-2014,Alm.,4642,4,Villa,140,1947,-23 %
Gammel Kirkevej 71 8530 Hjortshøj,71,2550000.0,15-10-2014,Alm.,14166,4,Rækkehus,180,2015,
Hellasvej 10 8530 Hjortshøj,10,1500000.0,10-10-2014,Alm.,10135,5,Villa,148,1965,-9 %
Bøggildsvej 19 8530 Hjortshøj,19,2250000.0,09-10-2014,Alm.,7377,10,Villa,305,1850,-2 %
Kalstrup 15 8530 Hjortshøj,15,999000.0,14-09-2014,Alm.,4145,6,Stuehus,241,1915,0 %
Smøgen 4 8530 Hjortshøj,4,1275000.0,09-09-2014,Alm.,18214,3,Villa,70,1857,6 %
Skolelodden 28 8530 Hjortshøj,28,1425000.0,25-08-2014,Alm.,10634,5,Villa,134,1969,-5 %
Virup Skovvej 41 8530 Hjortshøj,41,1848000.0,22-08-2014,Alm.,16648,4,Rækkehus,111,2015,
Virup Skovvej 39 8530 Hjortshøj,39,1848000.0,22-08-2014,Alm.,16648,4,Rækkehus,111,2015,
Grimsbrovej 3 8530 Hjortshøj,3,2520000.0,18-08-2014,Alm.,15949,6,Stuehus,158,1925,-3 %
Virup Skovvej 71 8530 Hjortshøj,71,2475200.0,13-08-2014,Alm.,18200,4,Rækkehus,136,2015,1 %
Dammen 3 8530 Hjortshøj,3,1650000.0,12-08-2014,Alm.,11301,5,Villa,146,1985,-3 %
Koldkærvej 5 8530 Hjortshøj,5,2395000.0,25-07-2014,Alm.,18143,5,Stuehus,132,1911,0 %
Bygbjerg 4 8530 Hjortshøj,4,1675000.0,18-07-2014,Alm.,13842,4,Villa,121,1969,-7 %
Virup Skovvej 79 8530 Hjortshøj,79,2375000.0,14-07-2014,Alm.,17992,4,Rækkehus,132,2015,2 %
Stendyssevej 3 8530 Hjortshøj,3,1200000.0,13-07-2014,Alm.,10526,4,Villa,114,1959,-11 %
Mølleager 11 8530 Hjortshøj,11,1620000.0,10-07-2014,Alm.,0,5,Villa,168,1967,-7 %
Løvstien 4 8530 Hjortshøj,4,1550000.0,08-07-2014,Alm.,11397,5,Villa,136,1968,-9 %
Asmusvænget 7 8530 Hjortshøj,7,1800000.0,04-07-2014,Alm.,14285,5,Villa,126,1966,-5 %
Virup Skovvej 83 8530 Hjortshøj,83,2449000.0,30-06-2014,Alm.,17492,4,Rækkehus,140,2014,3 %
Engtoftevej 6D 8530 Hjortshøj,0,2950000.0,24-06-2014,Alm.,17987,6,Villa,164,2013,-2 %
Trojavej 26A 8530 Hjortshøj,0,1249000.0,19-06-2014,Alm.,12490,4,Rækkehus,100,1985,0 %
Gammel Møllevej 11 8530 Hjortshøj,11,2385000.0,12-06-2014,Alm.,18068,4,Villa,132,1973,-2 %
Skovager 18 8530 Hjortshøj,18,3850000.0,03-06-2014,Alm.,20263,6,Villa,190,1999,-1 %
Virupvej 42A 8530 Hjortshøj,0,2400000.0,21-05-2014,Alm.,17647,5,Villa,136,1976,-4 %
Bygbjerg 12 8530 Hjortshøj,12,1885000.0,09-05-2014,Alm.,14280,4,Villa,132,1972,-6 %
Delfivej 40 8530 Hjortshøj,40,1675000.0,09-05-2014,Alm.,10947,4,Villa,153,1977,-4 %
Løvstien 6 8530 Hjortshøj,6,1575000.0,08-05-2014,Alm.,8513,7,Villa,185,2017,-1 %
Hjortshøj Stationsvej 26C 8530 Hjortshøj,0,1885000.0,24-03-2014,Alm.,18850,4,Rækkehus,100,2001,-6 %
Delfivej 25 8530 Hjortshøj,25,1525000.0,22-03-2014,Alm.,12500,4,Villa,122,1977,-4 %
Hjortshøjvangen 4A 8530 Hjortshøj,0,2940000.0,19-03-2014,Alm.,19470,5,Villa,151,2011,-8 %
Skovager 16 8530 Hjortshøj,16,3920000.0,11-03-2014,Alm.,23614,5,Villa,166,1998,-7 %
Virup Skovvej 31 8530 Hjortshøj,31,2524800.0,10-03-2014,Alm.,17655,4,Rækkehus,143,2015,
Østergårdstoften 158 8530 Hjortshøj,158,2450000.0,26-02-2014,Alm.,20247,4,Rækkehus,121,2006,-6 %
Kådhøjvej 9 8530 Hjortshøj,9,2065000.0,25-02-2014,Alm.,16259,5,Villa,127,1965,
Hjortshøjparken 26 8530 Hjortshøj,26,1434000.0,21-02-2014,Alm.,10781,5,Villa,133,1979,-1 %
Virupvej 2 8530 Hjortshøj,2,875000.0,19-02-2014,Fam.,5335,5,Villa,164,1942,
Smedebakken 1 8530 Hjortshøj,1,1000000.0,19-02-2014,Fam.,5494,7,Villa,182,1877,
Løvagervej 34 8530 Hjortshøj,34,2295000.0,05-02-2014,Alm.,17386,4,Villa,132,1973,0 %
Skovager 20 8530 Hjortshøj,20,4475000.0,29-01-2014,Alm.,19713,8,Villa,227,2000,-3 %
Argosvej 2 8530 Hjortshøj,2,728000.0,24-01-2014,Fam.,4466,6,Villa,163,1966,
Kankbøllevej 4 8530 Hjortshøj,4,2715000.0,12-01-2014,Alm.,17075,5,Villa,159,1920,-6 %
Gammel Kirkevej 39A 8530 Hjortshøj,0,1880000.0,03-01-2014,Alm.,16206,4,Rækkehus,116,1985,-1 %
Mykenevej 1 8530 Hjortshøj,1,700000.0,28-12-2013,Fam.,5185,3,Villa,135,1917,
Mejlby Toften 6 8530 Hjortshøj,6,850000.0,22-12-2013,Andet,7456,3,Villa,114,1969,
Engvej 2A 8530 Hjortshøj,0,325000.0,16-12-2013,Alm.,1957,4,Villa,166,2015,
Sastrupvej 9 8530 Hjortshøj,9,1810000.0,13-12-2013,Alm.,13923,4,Villa,130,1972,-7 %
Løvgangen 6 8530 Hjortshøj,6,1750000.0,25-11-2013,Alm.,15909,4,Villa,110,1962,-12 %
Klokbakken 10 8530 Hjortshøj,10,929610.0,18-11-2013,Alm.,6036,4,Villa,154,1939,
Hjortshøj Stationsvej 12 8530 Hjortshøj,12,1995000.0,14-11-2013,Alm.,17972,5,Villa,111,1912,0 %
Clemensvej 13 8530 Hjortshøj,13,2500000.0,30-10-2013,Alm.,12437,5,Stuehus,201,2015,
Attikavej 13 8530 Hjortshøj,13,850000.0,24-10-2013,Andet,5555,5,Villa,153,1986,
Delfivej 9 8530 Hjortshøj,9,2185000.0,21-10-2013,Alm.,11147,7,Villa,196,1963,-4 %
Kådhøjvej 4B 8530 Hjortshøj,0,3500000.0,16-10-2013,Alm.,20833,6,Villa,168,1969,0 %
Hjortshøj Stationsvej 26A 8530 Hjortshøj,0,2050000.0,29-09-2013,Alm.,20707,4,Rækkehus,99,2002,
Parosvej 25 8530 Hjortshøj,25,481800.0,25-09-2013,Alm.,2885,6,Villa,167,2014,
Hjortshøjvangen 40 8530 Hjortshøj,40,3132902.0,03-09-2013,Alm.,19580,5,Villa,160,2013,1 %
Gammel Kaløvej 19 8530 Hjortshøj,19,1898000.0,02-09-2013,Alm.,16084,4,Villa,118,1933,0 %
Asmusvænget 23 8530 Hjortshøj,23,828803.0,30-08-2013,Fam.,6375,5,Villa,130,1969,
Lille Todbjerg 4 8530 Hjortshøj,4,1200000.0,28-08-2013,Alm.,14117,5,Villa,85,1900,-7 %
Asmusvej 15 8530 Hjortshøj,15,2375000.0,20-08-2013,Alm.,16156,4,Villa,147,1968,-1 %
Bakkevej 2 8530 Hjortshøj,2,1598000.0,11-08-2013,Alm.,14660,5,Villa,109,1957,0 %
Gammel Kirkevej 14H 8530 Hjortshøj,0,1775000.0,08-08-2013,Alm.,15301,4,Villa,116,1972,-6 %
Gyden 1 8530 Hjortshøj,1,400000.0,01-08-2013,Alm.,4210,4,Villa,95,1877,-27 %
Østergårdstoften 156 8530 Hjortshøj,156,2425000.0,28-06-2013,Alm.,20041,4,Rækkehus,121,2006,0 %
Hjortshøj Stationsvej 35 8530 Hjortshøj,35,1995000.0,21-06-2013,Alm.,10783,5,Villa,185,1943,-7 %
Risvangsvej 37 8530 Hjortshøj,37,747500.0,12-06-2013,Fam.,5496,4,Villa,136,1950,
Hjortshøj Stationsvej 6 8530 Hjortshøj,6,2100000.0,30-05-2013,Alm.,15000,7,Industri o.l.,140,1920,-11 %
Skødstrupvej 171 8530 Hjortshøj,171,2100000.0,29-05-2013,Alm.,19090,6,Stuehus,110,1911,-11 %
Spørringvej 25 8530 Hjortshøj,25,128000.0,29-05-2013,Alm.,1163,5,Stuehus,110,1933,
Hundkærvej 18 8530 Hjortshøj,18,2625000.0,16-05-2013,Alm.,19160,4,Villa,137,1968,-1 %
Sastrupvej 4 8530 Hjortshøj,4,2330000.0,14-05-2013,Alm.,16293,5,Villa,143,1987,-5 %
Hjortshøjvangen 38 8530 Hjortshøj,38,3095000.0,10-05-2013,Alm.,18532,5,Villa,167,2013,0 %
Gammel Kirkevej 26 8530 Hjortshøj,26,1800000.0,07-05-2013,Alm.,16363,4,Villa,110,1960,-10 %
Hundkærvej 26 8530 Hjortshøj,26,2425000.0,23-04-2013,Alm.,11279,7,Villa,215,1966,
Mejlbyparken 26 8530 Hjortshøj,26,2400000.0,23-04-2013,Alm.,15483,5,Villa,155,2008,-4 %
Engtoftevej 6B 8530 Hjortshøj,0,1569500.0,15-04-2013,Alm.,12864,4,Villa,122,2008,
Løvgangen 8 8530 Hjortshøj,8,3050000.0,03-04-2013,Alm.,20333,4,Villa,150,1977,
Grimsbrovej 15 8530 Hjortshøj,15,1725000.0,26-03-2013,Alm.,10987,4,Villa,157,1907,-9 %
Sortemosevej 8 8530 Hjortshøj,8,1360000.0,20-03-2013,Alm.,0,6,Stuehus,176,1970,
Parosvej 23 8530 Hjortshøj,23,505200.0,12-03-2013,Alm.,3080,5,Villa,164,2013,
Trojavej 27 8530 Hjortshøj,27,1350000.0,18-02-2013,Alm.,11842,4,Villa,114,1963,-3 %
Samosvej 7 8530 Hjortshøj,7,960000.0,06-02-2013,Alm.,8205,5,Villa,117,1967,-4 %
Hjortshøjvangen 42 8530 Hjortshøj,42,3575825.0,05-02-2013,Alm.,17968,6,Villa,199,2013,
Højager 23 8530 Hjortshøj,23,2363000.0,01-02-2013,Alm.,16524,6,Rækkehus,143,1987,-5 %
Løvagervej 58 8530 Hjortshøj,58,1625000.0,15-01-2013,Auktion,17105,4,Villa,95,1970,-4 %
Attikavej 5 8530 Hjortshøj,5,764500.0,12-01-2013,Alm.,6370,4,Villa,120,1986,
Højager 8 8530 Hjortshøj,8,2425000.0,08-01-2013,Alm.,16840,5,Rækkehus,144,1987,-7 %
Hjortshøjvangen 126 8530 Hjortshøj,126,799788.0,28-12-2012,Alm.,4299,6,Villa,186,2014,
Lille Todbjerg 1 8530 Hjortshøj,1,1083750.0,20-12-2012,Alm.,12601,3,Stuehus,86,1905,
Hjortshøjvangen 92 8530 Hjortshøj,92,3095000.0,10-12-2012,Alm.,18757,5,Villa,165,2013,
Gammelvej 5 8530 Hjortshøj,5,1150000.0,30-11-2012,Fam.,5111,7,Villa,225,1875,
Stendyssevej 13 8530 Hjortshøj,13,1333333.0,30-11-2012,Alm.,12820,4,Villa,104,1961,
Hjortshøjvangen 44 8530 Hjortshøj,44,3045000.0,28-11-2012,Alm.,18233,5,Villa,167,2012,
Gammel Kirkevej 54 8530 Hjortshøj,54,2780000.0,24-11-2012,Alm.,22419,3,Rækkehus,124,1993,-2 %
Løvagervej 12 8530 Hjortshøj,12,2500000.0,06-11-2012,Fam.,16556,6,Villa,151,1969,
Skolelodden 1 8530 Hjortshøj,1,950000.0,05-11-2012,Alm.,6333,5,Villa,150,1966,-37 %
Virup Skovvej 23 8530 Hjortshøj,23,2750000.0,01-11-2012,Alm.,16566,5,Villa,166,2009,
Grimsbrovej 8 8530 Hjortshøj,8,1250000.0,22-10-2012,Alm.,7267,6,Villa,172,2013,
Hjortshøjvangen 2C 8530 Hjortshøj,0,2100000.0,11-10-2012,Alm.,17500,3,Villa,120,1990,-4 %
Sensommervej 14 8530 Hjortshøj,14,1480000.0,08-10-2012,Alm.,17411,3,Rækkehus,85,2000,-1 %
Hjortshøjvangen 10 8530 Hjortshøj,10,3060000.0,08-10-2012,Alm.,19125,5,Villa,160,2013,
Hjortshøjvangen 60 8530 Hjortshøj,60,3230000.0,08-10-2012,Alm.,16910,6,Villa,191,2013,
Asmusvænget 19 8530 Hjortshøj,19,2700000.0,02-10-2012,Alm.,10305,4,Villa,262,1966,-6 %
Virup Skovvej 91 8530 Hjortshøj,91,2350000.0,27-09-2012,Alm.,18650,4,Rækkehus,126,2012,0 %
Bygbjerg 1 8530 Hjortshøj,1,1775000.0,26-09-2012,Alm.,13759,5,Villa,129,1972,-6 %
Clemensvej 11 8530 Hjortshøj,11,5610000.0,10-09-2012,Fam.,29840,5,Stuehus,188,1900,
Hjortshøjvangen 26 8530 Hjortshøj,26,2900000.0,31-08-2012,Alm.,17575,5,Villa,165,2012,
Gammelvej 2 8530 Hjortshøj,2,1598000.0,29-08-2012,Alm.,11496,4,Villa,139,1870,0 %
Asmusvænget 4 8530 Hjortshøj,4,1430000.0,24-08-2012,Alm.,10214,5,Villa,140,1963,-4 %
Delfivej 42 8530 Hjortshøj,42,1350000.0,14-08-2012,Alm.,11065,4,Villa,122,1977,-3 %
Gammel Kirkevej 66 8530 Hjortshøj,66,2685000.0,06-08-2012,Alm.,21309,5,Villa,126,2002,-7 %
Virup Skovvej 89 8530 Hjortshøj,89,2350000.0,19-07-2012,Alm.,18650,4,Rækkehus,126,2012,0 %
Parosvej 33 8530 Hjortshøj,33,494400.0,02-07-2012,Alm.,3531,4,Villa,140,2013,
Mejlbyvej 665 8530 Hjortshøj,665,1373000.0,29-06-2012,Alm.,14452,4,Villa,95,1951,-2 %
Mølleager 5 8530 Hjortshøj,5,1725000.0,28-06-2012,Alm.,13167,6,Villa,131,1967,-9 %
Vanggårdsvej 1F 8530 Hjortshøj,0,1248000.0,25-06-2012,Alm.,12356,4,Rækkehus,101,2003,-7 %
Virup Skovvej 27 8530 Hjortshøj,27,1050000.0,16-06-2012,Alm.,6687,5,Villa,157,2013,6 %
Virup Skovvej 93 8530 Hjortshøj,93,2350000.0,14-06-2012,Alm.,18650,3,Rækkehus,126,2012,0 %
Virupvej 46J 8530 Hjortshøj,0,2294000.0,31-05-2012,Alm.,14337,6,Villa,160,1976,0 %
Hjortshøjvangen 88 8530 Hjortshøj,88,717200.0,29-05-2012,Alm.,4749,5,Villa,151,2013,
Virup Skovvej 11 8530 Hjortshøj,11,1200000.0,22-05-2012,Alm.,6741,4,Villa,178,2013,
Højager 9 8530 Hjortshøj,9,1660000.0,14-05-2012,Alm.,20243,3,Rækkehus,82,1987,-8 %
Hjortshøjvangen 128 8530 Hjortshøj,128,774840.0,03-05-2012,Alm.,0,4,Villa,166,2013,
Kådhøjvej 8 8530 Hjortshøj,8,1750000.0,30-04-2012,Alm.,15909,5,Villa,110,1965,-8 %
Hjortshøjvangen 62 8530 Hjortshøj,62,680000.0,27-04-2012,Alm.,3885,6,Villa,175,2013,
Hjortshøjvangen 64 8530 Hjortshøj,64,716760.0,25-04-2012,Alm.,3895,4,Villa,184,2013,
Hjortshøjvangen 28 8530 Hjortshøj,28,694342.0,13-04-2012,Alm.,4568,6,Villa,152,2012,
Hjortshøjvangen 90 8530 Hjortshøj,90,732600.0,13-04-2012,Alm.,3439,7,Villa,213,2013,
Mølleager 13 8530 Hjortshøj,13,1800000.0,12-04-2012,Alm.,11612,5,Villa,155,1967,-4 %
Østergårdstoften 160 8530 Hjortshøj,160,1100000.0,29-03-2012,Fam.,9090,4,Rækkehus,121,2006,
Grimsbrovej 1 8530 Hjortshøj,1,3290000.0,27-03-2012,Alm.,23840,6,Stuehus,138,1846,
Virupvej 7 8530 Hjortshøj,7,447000.0,08-03-2012,Alm.,2235,6,Villa,200,1777,-90 %
Virup Skovvej 87 8530 Hjortshøj,87,2350000.0,03-03-2012,Alm.,18650,4,Rækkehus,126,2012,
Stendyssevej 9 8530 Hjortshøj,9,1750000.0,07-02-2012,Alm.,14583,4,Villa,120,1967,-5 %
Løvagervej 4 8530 Hjortshøj,4,2600000.0,25-01-2012,Alm.,14942,5,Villa,174,1971,
Hjortshøjvangen 124 8530 Hjortshøj,124,783640.0,20-01-2012,Alm.,4692,5,Villa,167,2013,
Løvagervej 5 8530 Hjortshøj,5,1700000.0,03-01-2012,Alm.,11333,6,Villa,150,1967,-15 %
Hjortshøjvangen 22 8530 Hjortshøj,22,678612.0,15-12-2011,Alm.,3749,6,Villa,181,2013,
Georgsmindevej 35 8530 Hjortshøj,35,687000.0,13-12-2011,Alm.,5204,5,Villa,132,1969,
Bøggildsvej 47 8530 Hjortshøj,47,1400000.0,05-12-2011,Alm.,15053,4,Villa,93,1956,-12 %
Hjortshøjvangen 16 8530 Hjortshøj,16,3133052.0,05-12-2011,Alm.,19339,5,Villa,162,2012,
Skødstrupvej 137 8530 Hjortshøj,137,4037500.0,25-11-2011,Fam.,16822,6,Stuehus,240,1965,
Mejlbyparken 28 8530 Hjortshøj,28,2090000.0,01-11-2011,Alm.,14718,5,Villa,142,2011,-3 %
Kastrup Skovvej 2 8530 Hjortshøj,2,4850000.0,27-10-2011,Fam.,17700,9,Stuehus,274,1910,
Virupvej 72 8530 Hjortshøj,72,1087500.0,26-10-2011,Alm.,6322,5,Villa,172,2012,-22 %
Salonikivej 9 8530 Hjortshøj,9,1563000.0,05-10-2011,Alm.,13591,4,Villa,115,1987,-8 %
Lindåhøje 5 8530 Hjortshøj,5,850000.0,05-10-2011,Alm.,3219,6,Stuehus,264,2013,
Hjortshøjvangen 12 8530 Hjortshøj,12,593296.0,28-09-2011,Alm.,4494,4,Villa,132,2012,
Gammel Kaløvej 29 8530 Hjortshøj,29,1770000.0,19-09-2011,Alm.,9516,6,Villa,186,1964,-2 %
Grimsbrovej 4 8530 Hjortshøj,4,220000.0,14-09-2011,Fam.,916,9,Stuehus,240,1887,
Hjortshøjvangen 86 8530 Hjortshøj,86,750068.0,13-09-2011,Alm.,4261,5,Villa,176,2012,
Hjortshøjvangen 18 8530 Hjortshøj,18,663212.0,09-09-2011,Alm.,4363,5,Villa,152,2012,
Hjortshøj Stationsvej 22B 8530 Hjortshøj,0,1870000.0,08-09-2011,Alm.,18888,4,Rækkehus,99,2002,-1 %
Samosvej 8 8530 Hjortshøj,8,1450000.0,02-09-2011,Alm.,12831,3,Villa,113,1967,-6 %
Delfivej 15 8530 Hjortshøj,15,1460000.0,26-08-2011,Alm.,13035,4,Villa,112,1978,-9 %
Hjortshøjvangen 4B 8530 Hjortshøj,0,650606.0,17-08-2011,Alm.,4395,5,Villa,148,2013,
Mejlbyvej 616B 8530 Hjortshøj,0,1900000.0,05-08-2011,Alm.,12418,5,Villa,153,1976,-5 %
Asmusvej 5 8530 Hjortshøj,5,2600000.0,31-07-2011,Alm.,12935,8,Villa,201,1962,-7 %
Virupvej 46D 8530 Hjortshøj,0,1500000.0,29-06-2011,Fam.,9433,6,Villa,159,1976,
Mejlbyvej 660 8530 Hjortshøj,660,975000.0,27-06-2011,Alm.,8405,3,Villa,116,1890,-2 %
Mejlbyvej 693 8530 Hjortshøj,693,350000.0,14-06-2011,Alm.,3684,5,Villa,95,1949,
Asmusvænget 5B 8530 Hjortshøj,0,725000.0,30-05-2011,Alm.,5069,5,Villa,143,2013,-9 %
Bækvangen 26 8530 Hjortshøj,26,1775000.0,19-05-2011,Alm.,17750,4,Rækkehus,100,1989,-1 %
Gyden 2A 8530 Hjortshøj,0,1800000.0,13-05-2011,Alm.,15254,6,Villa,118,1998,-3 %
Bækvangen 20 8530 Hjortshøj,20,1350000.0,20-04-2011,Alm.,17307,3,Rækkehus,78,1989,-3 %
Risvangsvej 12 8530 Hjortshøj,12,6950000.0,19-04-2011,Fam.,86875,3,Stuehus,80,1900,
Virup Skovvej 85 8530 Hjortshøj,85,2485000.0,19-04-2011,Alm.,19414,3,Rækkehus,128,2012,
Tinghøjvej 58 8530 Hjortshøj,58,4300000.0,18-04-2011,Alm.,23118,5,Stuehus,186,2004,
Spartavej 4 8530 Hjortshøj,4,1375000.0,05-04-2011,Alm.,13221,4,Villa,104,1965,0 %
Hjortshøjvangen 36 8530 Hjortshøj,36,860255.0,24-03-2011,Alm.,5479,5,Villa,157,2012,
Gammel Kirkevej 148 8530 Hjortshøj,148,2610964.0,07-03-2011,Andet,13598,5,Villa,192,2010,
Mejlbyvej 687A 8530 Hjortshøj,0,41000.0,07-03-2011,Fam.,303,4,Rækkehus,135,1890,
Mejlbyvej 679 8530 Hjortshøj,679,510000.0,02-03-2011,Fam.,6071,2,Villa,84,1898,
Østergårdstoften 136 8530 Hjortshøj,136,2795000.0,28-02-2011,Alm.,18149,5,Rækkehus,154,2006,0 %
Bygbjerg 9 8530 Hjortshøj,9,1930000.0,25-02-2011,Alm.,16782,4,Villa,115,1972,-3 %
Gammel Kirkevej 120 8530 Hjortshøj,120,508000.0,14-02-2011,Fam.,3060,4,Villa,166,2011,
Engtoftevej 6A 8530 Hjortshøj,0,575000.0,10-02-2011,Alm.,3212,5,Villa,179,2013,
Virupvej 46A 8530 Hjortshøj,0,1850000.0,24-01-2011,Alm.,14800,4,Villa,125,1976,-12 %
Skolelodden 36 8530 Hjortshøj,36,2030000.0,17-01-2011,Alm.,9485,7,Villa,214,1972,-10 %
Svinget 7 8530 Hjortshøj,7,1600000.0,05-01-2011,Alm.,13793,6,Villa,116,1922,-13 %
Clemensvej 7 8530 Hjortshøj,7,825000.0,05-01-2011,Alm.,6818,4,Villa,121,1917,-15 %
Asmusvænget 8 8530 Hjortshøj,8,2825000.0,30-12-2010,Alm.,15960,6,Villa,177,1971,-6 %
Spørringvej 31 8530 Hjortshøj,31,12225000.0,27-12-2010,Fam.,60820,5,Stuehus,201,1917,
Hjortshøjvangen 8 8530 Hjortshøj,8,736950.0,10-12-2010,Alm.,4816,4,Villa,153,2011,
Hjortshøjvangen 50 8530 Hjortshøj,50,794000.0,02-12-2010,Alm.,5438,4,Villa,146,2011,
Hastruptoften 17 8530 Hjortshøj,17,1785000.0,22-11-2010,Fam.,13125,4,Rækkehus,136,2008,
Skødstrupvej 49 8530 Hjortshøj,49,1800000.0,05-11-2010,Alm.,13846,5,Stuehus,130,1933,
Ogstrupgårdsvej 1 8530 Hjortshøj,1,1802320.0,02-11-2010,Alm.,6530,10,Stuehus,276,1914,
Mejlbyvej 686 8530 Hjortshøj,686,1528840.0,02-11-2010,Alm.,8686,7,Stuehus,176,1900,
Hjortshøjvangen 30 8530 Hjortshøj,30,801500.0,02-11-2010,Alm.,5343,5,Villa,150,2011,
Hjortshøjvangen 68 8530 Hjortshøj,68,810017.0,02-11-2010,Alm.,5259,4,Villa,154,2011,
Hjortshøjvangen 6 8530 Hjortshøj,6,765617.0,02-11-2010,Alm.,4971,5,Villa,154,2012,
Hjortshøjvangen 78 8530 Hjortshøj,78,971100.0,02-11-2010,Alm.,5885,5,Villa,165,2011,
Hjortshøjvangen 32 8530 Hjortshøj,32,833333.0,02-11-2010,Alm.,4604,6,Villa,181,2011,
Mejlbyparken 30 8530 Hjortshøj,30,600000.0,01-11-2010,Alm.,2955,4,Villa,203,2012,
Hjortshøj Stationsvej 20B 8530 Hjortshøj,0,1900000.0,15-10-2010,Alm.,19000,3,Rækkehus,100,2001,-5 %
Hjortshøjvangen 24 8530 Hjortshøj,24,741450.0,13-10-2010,Alm.,5043,5,Villa,147,2011,
Hjortshøjvangen 20 8530 Hjortshøj,20,756000.0,13-10-2010,Alm.,5040,5,Villa,150,2012,
Hjortshøjvangen 72 8530 Hjortshøj,72,898300.0,13-10-2010,Alm.,4559,6,Villa,197,2012,
Hjortshøjvangen 70 8530 Hjortshøj,70,875127.0,13-10-2010,Alm.,5178,5,Villa,169,2012,
Hjortshøjvangen 82 8530 Hjortshøj,82,850001.0,13-10-2010,Alm.,4941,5,Villa,172,2011,
Hjortshøjvangen 74 8530 Hjortshøj,74,1010100.0,12-10-2010,Alm.,5344,5,Villa,189,2013,
Hjortshøjvangen 66 8530 Hjortshøj,66,851125.0,12-10-2010,Alm.,4808,6,Villa,177,2011,
Hjortshøjvangen 76 8530 Hjortshøj,76,1090000.0,12-10-2010,Alm.,5532,5,Villa,197,2012,
Hjortshøjvangen 54 8530 Hjortshøj,54,894300.0,12-10-2010,Alm.,5260,5,Villa,170,2012,
Hjortshøjvangen 56 8530 Hjortshøj,56,903025.0,12-10-2010,Alm.,5608,5,Villa,161,2012,
Hjortshøjvangen 48 8530 Hjortshøj,48,827705.0,12-10-2010,Alm.,4547,5,Villa,182,2012,
Hjortshøjvangen 14 8530 Hjortshøj,14,726000.0,12-10-2010,Alm.,5458,5,Villa,133,2011,
Hjortshøjvangen 52 8530 Hjortshøj,52,901002.0,12-10-2010,Alm.,4416,5,Villa,204,2013,
Mejlbyvej 609 8530 Hjortshøj,609,207573.0,04-10-2010,Alm.,1258,5,Stuehus,165,1930,
Asmusvænget 5A 8530 Hjortshøj,0,1250000.0,30-09-2010,Alm.,12254,5,Stuehus,102,1932,-8 %
Hjortshøjvangen 46 8530 Hjortshøj,46,790000.0,28-09-2010,Alm.,4647,6,Villa,170,2017,
Hjortshøjvangen 34 8530 Hjortshøj,34,861101.0,28-09-2010,Alm.,4654,5,Villa,185,2013,
Hjortshøj Stationsvej 37 8530 Hjortshøj,37,2850000.0,23-09-2010,Alm.,24782,5,Villa,115,1950,-10 %
Melosvej 3 8530 Hjortshøj,3,1620000.0,21-09-2010,Alm.,13965,3,Villa,116,1967,-4 %
Løvagervej 36 8530 Hjortshøj,36,2100000.0,17-09-2010,Alm.,12500,6,Villa,168,1969,
Mejlbyparken 8 8530 Hjortshøj,8,535551.0,13-09-2010,Alm.,2625,8,Villa,204,2012,
Engtoftevej 6 8530 Hjortshøj,6,1335000.0,10-09-2010,Alm.,9270,6,Villa,144,1827,0 %
Smøgen 2 8530 Hjortshøj,2,1580000.0,02-09-2010,Alm.,12741,5,Villa,124,1972,-7 %
Sensommervej 20 8530 Hjortshøj,20,2000000.0,22-08-2010,Alm.,18181,4,Rækkehus,110,1999,-8 %
Risvangsvej 41 8530 Hjortshøj,41,960000.0,19-08-2010,Alm.,9600,3,Villa,100,1961,-13 %
Mejlbyparken 14 8530 Hjortshøj,14,2300000.0,12-08-2010,Alm.,13690,6,Villa,168,2008,-4 %
Bøggildsvej 28 8530 Hjortshøj,28,2500000.0,10-08-2010,Alm.,20000,6,Stuehus,125,1914,-5 %
Bækvangen 11 8530 Hjortshøj,11,1675000.0,04-08-2010,Alm.,15952,4,Rækkehus,105,1989,-4 %
Præstemarken 3 8530 Hjortshøj,3,2375000.0,01-08-2010,Alm.,18269,3,Stuehus,130,1927,-5 %
Asmusvænget 6 8530 Hjortshøj,6,2110000.0,28-07-2010,Alm.,17016,4,Villa,124,1967,-2 %
Sensommervej 12 8530 Hjortshøj,12,1850000.0,22-07-2010,Alm.,21764,3,Rækkehus,85,2000,-2 %
Hundkærvej 1 8530 Hjortshøj,1,1875000.0,13-07-2010,Alm.,13888,5,Villa,135,1966,
Bækvangen 18 8530 Hjortshøj,18,1250000.0,10-07-2010,Alm.,15625,3,Rækkehus,80,1989,-4 %
Esbenvej 1 8530 Hjortshøj,1,1200000.0,02-07-2010,Alm.,5240,7,Villa,229,1886,-20 %
Sensommervej 4 8530 Hjortshøj,4,1740000.0,01-07-2010,Alm.,20470,3,Rækkehus,85,1999,-1 %
Vanggårdsvej 1G 8530 Hjortshøj,0,1585000.0,21-06-2010,Alm.,11569,3,Rækkehus,137,1944,-1 %
Mejlbyvej 666 8530 Hjortshøj,666,1925000.0,16-06-2010,Alm.,15039,4,Villa,128,1915,-4 %
Kankbøllevej 38 8530 Hjortshøj,38,1413587.0,10-06-2010,Fam.,9003,6,Villa,157,2005,
Hesselballevej 44 8530 Hjortshøj,44,3700000.0,08-06-2010,Alm.,20000,6,Villa,185,2006,-7 %
Trojavej 29 8530 Hjortshøj,29,1855000.0,07-06-2010,Alm.,14269,5,Villa,130,1965,-7 %
Asmusvænget 17 8530 Hjortshøj,17,2295000.0,04-06-2010,Alm.,16751,5,Villa,137,1968,-2 %
Gammelvej 3 8530 Hjortshøj,3,1660000.0,25-05-2010,Auktion,10849,5,Stuehus,153,1910,
Mølledalen 10 8530 Hjortshøj,10,1350000.0,20-05-2010,Alm.,13500,4,Villa,100,1967,
Højager 57 8530 Hjortshøj,57,2400000.0,14-05-2010,Alm.,18320,5,Rækkehus,131,1987,-8 %
Kankbøllevej 6 8530 Hjortshøj,6,1336008.0,12-05-2010,Alm.,12370,5,Villa,108,1914,
Asmusvej 11 8530 Hjortshøj,11,2595000.0,06-05-2010,Alm.,18535,7,Villa,140,1964,0 %
Sortemosevej 116 8530 Hjortshøj,116,2219000.0,06-05-2010,Alm.,20172,3,Stuehus,110,1926,
Asmusvænget 15 8530 Hjortshøj,15,2250000.0,04-05-2010,Alm.,17857,5,Villa,126,1965,-2 %
Virupvej 60 8530 Hjortshøj,60,2825000.0,28-04-2010,Alm.,17438,7,Villa,162,1917,
Delfivej 6 8530 Hjortshøj,6,868894.0,26-04-2010,Andet,6118,5,Villa,142,1961,
Virup Skovvej 9 8530 Hjortshøj,9,1345000.0,22-04-2010,Alm.,6314,7,Villa,213,2011,
Risvangsvej 16 8530 Hjortshøj,16,668340.0,13-04-2010,Alm.,2831,9,Villa,236,1900,
Østergårdstoften 152 8530 Hjortshøj,152,2200000.0,11-04-2010,Alm.,18181,4,Rækkehus,121,2006,-6 %
Klokbakken 8 8530 Hjortshøj,8,60000.0,16-03-2010,Alm.,342,6,Villa,175,1944,
Virupvej 51 8530 Hjortshøj,51,2100000.0,27-02-2010,Alm.,12727,7,Villa,165,1909,
Hundkærvej 29 8530 Hjortshøj,29,2875000.0,27-02-2010,Alm.,13888,7,Villa,207,1973,-4 %
Sastrupvej 7 8530 Hjortshøj,7,2400000.0,10-02-2010,Alm.,12000,6,Villa,200,1972,-9 %
Georgsmindevej 37 8530 Hjortshøj,37,1675000.0,18-01-2010,Alm.,13958,4,Villa,120,1972,-7 %
Hastruptoften 10 8530 Hjortshøj,10,2400000.0,05-01-2010,Alm.,17647,4,Rækkehus,136,2009,-11 %
Mejlbyparken 18 8530 Hjortshøj,18,2290000.0,21-12-2009,Alm.,16126,5,Villa,142,2008,-4 %
Virupvej 70 8530 Hjortshøj,70,1700000.0,15-12-2009,Alm.,6854,7,Rækkehus,248,1907,
Virup Skovvej 7 8530 Hjortshøj,7,985000.0,10-12-2009,Alm.,4020,6,Villa,245,2010,
Esbenvej 2 8530 Hjortshøj,2,2000000.0,07-12-2009,Alm.,12195,5,Stuehus,164,1890,
Hjortshøj Stationsvej 2 8530 Hjortshøj,2,1700000.0,04-12-2009,Alm.,6967,7,Rækkehus,244,1907,
Håruptoften 7 8530 Hjortshøj,7,2000000.0,04-12-2009,Alm.,9708,5,Villa,206,1987,-5 %
Risvangsvej 18 8530 Hjortshøj,18,800000.0,19-11-2009,Alm.,5555,6,Stuehus,144,1912,
Clemensvej 3 8530 Hjortshøj,3,1400000.0,05-11-2009,Alm.,7446,7,Villa,188,1884,-7 %
Hastruptoften 4 8530 Hjortshøj,4,2350000.0,30-10-2009,Alm.,17279,4,Rækkehus,136,2009,-6 %
Gammel Kirkevej 162 8530 Hjortshøj,162,885000.0,22-10-2009,Alm.,4317,6,Villa,205,2011,
Hesselballevej 40 8530 Hjortshøj,40,1000000.0,19-10-2009,Alm.,5586,4,Villa,179,2010,
Hastruptoften 2 8530 Hjortshøj,2,2200000.0,20-09-2009,Alm.,16176,4,Rækkehus,136,2009,-15 %
Mejlby Toften 8 8530 Hjortshøj,8,1525000.0,02-09-2009,Alm.,13616,4,Villa,112,1965,
Hastruptoften 1 8530 Hjortshøj,1,2600000.0,14-08-2009,Alm.,19117,4,Rækkehus,136,2009,-13 %
Gammel Kirkevej 124 8530 Hjortshøj,124,692496.0,11-08-2009,Alm.,6595,5,Villa,105,2015,
Lindåhøje 6 8530 Hjortshøj,6,1865000.0,04-08-2009,Auktion,9613,6,Villa,194,1935,-19 %
Smedebakken 4 8530 Hjortshøj,4,1800000.0,03-08-2009,Alm.,16513,4,Villa,109,1985,
Mejlbyparken 20 8530 Hjortshøj,20,519000.0,21-07-2009,Alm.,3460,5,Villa,150,2010,0 %
Gammel Kirkevej 138 8530 Hjortshøj,138,783537.0,14-07-2009,Alm.,6073,5,Villa,129,2012,
Gammel Kirkevej 134 8530 Hjortshøj,134,933329.0,14-07-2009,Alm.,6060,4,Villa,154,2011,
Mejlbyvej 620 8530 Hjortshøj,620,1510000.0,07-07-2009,Alm.,9934,3,Villa,152,1998,-10 %
Virupvej 46G 8530 Hjortshøj,0,2850000.0,06-07-2009,Alm.,14393,6,Villa,198,1976,-5 %
Gammel Kirkevej 140 8530 Hjortshøj,140,821046.0,30-06-2009,Alm.,7602,4,Villa,108,2011,
Gammel Kirkevej 136 8530 Hjortshøj,136,943614.0,30-06-2009,Alm.,5361,7,Villa,176,2011,
Trojavej 12 8530 Hjortshøj,12,1200000.0,25-06-2009,Alm.,12500,4,Villa,96,1964,-17 %
Hastruptoften 12 8530 Hjortshøj,12,2475000.0,24-06-2009,Alm.,18198,4,Rækkehus,136,2009,-23 %
Virup Skovvej 3 8530 Hjortshøj,3,975000.0,11-06-2009,Alm.,6093,5,Villa,160,2010,-15 %
Mølledalen 21 8530 Hjortshøj,21,1750000.0,20-05-2009,Alm.,14344,4,Villa,122,1967,-10 %
Virupvej 12 8530 Hjortshøj,12,2200000.0,27-04-2009,Alm.,23913,3,Villa,92,1959,-4 %
Clemensvej 1 8530 Hjortshøj,1,5500000.0,25-04-2009,Alm.,40740,6,Stuehus,135,1908,
Spørringvej 36 8530 Hjortshøj,36,6654257.0,23-04-2009,Alm.,71551,4,Stuehus,93,1920,
Hastruptoften 3 8530 Hjortshøj,3,2655000.0,07-04-2009,Alm.,19522,4,Rækkehus,136,2009,
Hastruptoften 5 8530 Hjortshøj,5,2650000.0,03-03-2009,Alm.,19485,4,Rækkehus,136,2009,
Hundkærvej 20 8530 Hjortshøj,20,1750000.0,16-02-2009,Alm.,14705,4,Villa,119,1965,-12 %
Mølledalen 7 8530 Hjortshøj,7,2500000.0,12-02-2009,Alm.,15060,6,Villa,166,1970,-11 %
Asmusvænget 5 8530 Hjortshøj,5,2550000.0,11-02-2009,Auktion,0,7,Erhverv,149,1976,-2 %
Spørringvej 15 8530 Hjortshøj,15,2457435.0,05-02-2009,Alm.,0,12,Stuehus,317,1895,
Lille Todbjerg 6 8530 Hjortshøj,6,2650000.0,19-12-2008,Alm.,7934,11,Stuehus,334,1877,0 %
"Skødstrupvej 180, ST. TH 8530 Hjortshøj",0,1875000.0,18-12-2008,Alm.,15756,5,Rækkehus,119,1906,
Virupvej 113 8530 Hjortshøj,113,1350000.0,29-11-2008,Alm.,15340,4,Stuehus,88,1902,
Løvagervej 33 8530 Hjortshøj,33,2120000.0,16-11-2008,Alm.,16960,4,Villa,125,1970,-3 %
Kådhøjvej 7 8530 Hjortshøj,7,1800000.0,14-11-2008,Alm.,13636,4,Villa,132,1966,-10 %
Sensommervej 10 8530 Hjortshøj,10,1900000.0,09-11-2008,Alm.,17272,4,Rækkehus,110,1999,-5 %
Skødstrupvej 169 8530 Hjortshøj,169,2350000.0,07-11-2008,Alm.,13055,8,Stuehus,180,1969,-22 %
Georgsmindevej 20 8530 Hjortshøj,20,1600000.0,17-10-2008,Alm.,16842,4,Villa,95,1970,-11 %
Mejlbyparken 2 8530 Hjortshøj,2,603850.0,24-09-2008,Alm.,3246,4,Villa,186,2009,
Salonikivej 5D 8530 Hjortshøj,0,1615192.0,24-09-2008,Andet,11789,5,Villa,137,2000,
Højager 4 8530 Hjortshøj,4,2550000.0,24-09-2008,Alm.,15838,5,Rækkehus,161,1987,-7 %
Gammel Kirkevej 43 8530 Hjortshøj,43,875000.0,08-09-2008,Alm.,9722,4,Villa,90,1966,-58 %
Gammel Kirkevej 142 8530 Hjortshøj,142,805398.0,02-09-2008,Alm.,6055,6,Villa,133,2014,
Gammel Kirkevej 132 8530 Hjortshøj,132,701240.0,02-09-2008,Alm.,6678,4,Villa,105,2013,
Virup Skovvej 25 8530 Hjortshøj,25,995000.0,23-08-2008,Alm.,5000,6,Villa,199,2009,-13 %
Trojavej 13 8530 Hjortshøj,13,1700000.0,12-08-2008,Alm.,9042,7,Villa,188,1966,-19 %
Hundkærvej 24 8530 Hjortshøj,24,1800000.0,08-08-2008,Alm.,16363,4,Villa,110,1965,-10 %
Bækvangen 8 8530 Hjortshøj,8,1300000.0,05-08-2008,Alm.,16666,3,Rækkehus,78,1989,-19 %
Gammel Kirkevej 130 8530 Hjortshøj,130,772798.0,02-07-2008,Alm.,5480,5,Villa,141,2010,
Kådhøjvej 2 8530 Hjortshøj,2,2200000.0,23-06-2008,Alm.,18487,4,Villa,119,1965,-6 %
Løvgangen 5 8530 Hjortshøj,5,2650000.0,21-06-2008,Alm.,23043,4,Villa,115,1992,-7 %
Højager 1 8530 Hjortshøj,1,2381000.0,13-06-2008,Alm.,18175,5,Rækkehus,131,1987,-5 %
Asmusvænget 21 8530 Hjortshøj,21,2050000.0,02-06-2008,Alm.,15769,4,Villa,130,1969,-9 %
Gammel Kirkevej 14B 8530 Hjortshøj,0,2700000.0,06-05-2008,Alm.,13917,7,Villa,194,1973,-10 %
Virup Skovvej 1 8530 Hjortshøj,1,1350000.0,24-04-2008,Alm.,8881,5,Villa,152,2008,
Asmusvænget 9 8530 Hjortshøj,9,2225000.0,03-04-2008,Alm.,13906,6,Villa,160,1967,
Hastruptoften 19 8530 Hjortshøj,19,1465000.0,26-03-2008,Alm.,9766,4,Villa,150,2009,
Hesselballevej 53 8530 Hjortshøj,53,1850000.0,17-03-2008,Alm.,14230,5,Villa,130,1900,0 %
Bendstrupvej 26 8530 Hjortshøj,26,5000000.0,03-03-2008,Alm.,16233,10,Stuehus,308,1955,
Engtoftevej 6C 8530 Hjortshøj,0,2400000.0,27-02-2008,Alm.,15894,5,Villa,151,2008,
Delfivej 32 8530 Hjortshøj,32,1700000.0,24-02-2008,Alm.,13821,4,Villa,123,1977,-7 %
Samosvej 4 8530 Hjortshøj,4,1998000.0,22-02-2008,Alm.,11162,6,Villa,179,1966,
Vanggårdsvej 1D 8530 Hjortshøj,0,1498000.0,24-01-2008,Alm.,14980,4,Rækkehus,100,2003,0 %
Hjortshøj Stationsvej 26B 8530 Hjortshøj,0,2285000.0,15-01-2008,Alm.,22850,4,Rækkehus,100,2002,-1 %
Risvangsvej 14 8530 Hjortshøj,14,1438877.0,17-12-2007,Andet,7735,6,Villa,186,1912,-59 %
Bøggildsvej 25 8530 Hjortshøj,25,1402500.0,16-12-2007,Fam.,11687,4,Villa,120,1964,
Mølledalen 2 8530 Hjortshøj,2,1600000.0,12-12-2007,Fam.,11851,5,Villa,135,1967,
Mykenevej 8 8530 Hjortshøj,8,977500.0,10-12-2007,Fam.,8650,4,Villa,113,1967,
Mejlbyvej 672 8530 Hjortshøj,672,1550000.0,07-12-2007,Alm.,18235,3,Villa,85,1963,
Sensommervej 15 8530 Hjortshøj,15,2300000.0,14-11-2007,Alm.,20909,4,Rækkehus,110,2000,-2 %
Hundkærvej 22 8530 Hjortshøj,22,3100000.0,08-11-2007,Alm.,20945,4,Villa,148,1966,-6 %
Koldkærvej 2 8530 Hjortshøj,2,2625000.0,04-11-2007,Alm.,11771,6,Stuehus,223,1983,
Mejlbyvej 658 8530 Hjortshøj,658,18700000.0,31-10-2007,Alm.,137500,7,Stuehus,136,1914,
Kretavej 6 8530 Hjortshøj,6,300560.0,16-10-2007,Fam.,1914,5,Villa,157,2008,
Vanggårdsvej 1C 8530 Hjortshøj,0,1720000.0,15-10-2007,Alm.,17200,3,Rækkehus,100,2003,
Stendyssevej 17 8530 Hjortshøj,17,1800000.0,11-10-2007,Alm.,17307,3,Villa,104,1961,
Smedebakken 3A 8530 Hjortshøj,0,2075000.0,05-10-2007,Alm.,0,5,Villa,153,1916,-6 %
Løvagervej 17 8530 Hjortshøj,17,2350000.0,28-09-2007,Alm.,19105,5,Villa,123,1969,-8 %
Virupvej 44H 8530 Hjortshøj,0,1820000.0,12-09-2007,Alm.,18571,4,Villa,98,1975,-4 %
Mejlbyparken 24 8530 Hjortshøj,24,601000.0,05-09-2007,Alm.,3535,5,Villa,170,2008,
Borrevej 4 8530 Hjortshøj,4,1510000.0,02-09-2007,Alm.,10413,5,Rækkehus,145,1877,-5 %
Mejlbyvej 689B 8530 Hjortshøj,0,1100000.0,01-09-2007,Alm.,9166,4,Villa,120,1968,
Mejlbyparken 22 8530 Hjortshøj,22,702650.0,28-08-2007,Alm.,4475,5,Villa,157,2009,
Mejlbyparken 16 8530 Hjortshøj,16,519350.0,28-08-2007,Alm.,3225,6,Villa,161,2012,
Mejlbyparken 6 8530 Hjortshøj,6,584751.0,21-08-2007,Alm.,3847,5,Villa,152,2008,
Gammelvej 1 8530 Hjortshøj,1,1226447.0,21-08-2007,Alm.,8952,4,Stuehus,137,1904,
Virup Skovvej 17 8530 Hjortshøj,17,1598000.0,21-08-2007,Alm.,8322,5,Villa,192,2009,
"Gammel Kirkevej 14F, ST. TV 8530 Hjortshøj",0,1425000.0,20-08-2007,Alm.,16379,3,Rækkehus,87,1983,
Mejlbyvej 692 8530 Hjortshøj,692,2500000.0,06-08-2007,Alm.,22727,5,Stuehus,110,1860,
Vanggårdsvej 1A 8530 Hjortshøj,0,1850000.0,02-08-2007,Alm.,12012,5,Villa,154,1978,-3 %
Virup Skovvej 13 8530 Hjortshøj,13,1550000.0,13-07-2007,Alm.,10197,5,Villa,152,2009,
Virup Skovvej 21 8530 Hjortshøj,21,1598000.0,13-07-2007,Alm.,7502,7,Villa,213,2009,
Virup Skovvej 15 8530 Hjortshøj,15,1575000.0,13-07-2007,Alm.,8750,6,Villa,180,2009,
Virup Skovvej 19 8530 Hjortshøj,19,1598000.0,13-07-2007,Alm.,9131,5,Villa,175,2009,
Gammel Kirkevej 50 8530 Hjortshøj,50,1299999.0,09-07-2007,Alm.,11504,3,Rækkehus,113,1993,
Gammel Kirkevej 48 8530 Hjortshøj,48,1549999.0,09-07-2007,Alm.,11923,3,Rækkehus,130,1993,
Mejlbyvej 616A 8530 Hjortshøj,0,1600000.0,30-06-2007,Fam.,13333,4,Villa,120,1948,
Mølledalen 6 8530 Hjortshøj,6,2462500.0,29-06-2007,Alm.,15015,4,Villa,164,1967,0 %
Sortemosevej 10 8530 Hjortshøj,10,2450000.0,27-06-2007,Alm.,15605,4,Villa,157,1977,
Salonikivej 13 8530 Hjortshøj,13,2195000.0,26-06-2007,Alm.,15905,5,Villa,138,1986,
Virupvej 132 8530 Hjortshøj,132,14000000.0,23-06-2007,Alm.,58577,7,Stuehus,239,1982,
Hjortshøj Stationsvej 30C 8530 Hjortshøj,0,2410000.0,15-06-2007,Alm.,24343,4,Rækkehus,99,2002,
Engtoftevej 4 8530 Hjortshøj,4,1798000.0,15-06-2007,Alm.,16803,5,Villa,107,1800,0 %
Skolelodden 3 8530 Hjortshøj,3,1400000.0,04-06-2007,Alm.,12962,4,Villa,108,1965,
Hjortshøj Stationsvej 30B 8530 Hjortshøj,0,2125000.0,23-05-2007,Alm.,21250,4,Rækkehus,100,2002,
Gammelvej 7 8530 Hjortshøj,7,2500000.0,16-05-2007,Fam.,14285,3,Villa,175,1903,
Ogstrupgårdsvej 14 8530 Hjortshøj,14,1498000.0,15-05-2007,Alm.,14403,4,Villa,104,1880,
Gammel Kirkevej 60 8530 Hjortshøj,60,812000.0,15-05-2007,Alm.,6881,5,Villa,118,2002,
Skolelodden 14 8530 Hjortshøj,14,1700000.0,01-05-2007,Alm.,14166,4,Villa,120,1973,-3 %
Virupvej 40E 8530 Hjortshøj,0,2898000.0,29-04-2007,Alm.,18112,6,Villa,160,1977,0 %
Virupvej 44C 8530 Hjortshøj,0,1340500.0,25-04-2007,Alm.,9575,4,Villa,140,1977,
Mejlbyvej 315 8530 Hjortshøj,315,88000.0,19-04-2007,Alm.,508,7,Stuehus,173,1854,
Skolelodden 5 8530 Hjortshøj,5,1610000.0,08-02-2007,Fam.,13196,5,Villa,122,1974,
Skolelodden 54 8530 Hjortshøj,54,2350000.0,06-02-2007,Alm.,12368,8,Villa,190,1976,
Mejlbyvej 655 8530 Hjortshøj,655,1950000.0,24-01-2007,Alm.,9285,5,Stuehus,210,1912,
Løvstien 3 8530 Hjortshøj,3,2600000.0,15-01-2007,Alm.,13978,7,Villa,186,1967,
Gyden 6 8530 Hjortshøj,6,1395000.0,31-12-2006,Alm.,15329,4,Villa,91,1897,
Mejlbyvej 690B 8530 Hjortshøj,0,1798000.0,29-12-2006,Alm.,9771,7,Villa,184,1900,
Kalstrup 17 8530 Hjortshøj,17,900000.0,12-12-2006,Alm.,15000,2,Villa,60,1915,
Mølledalen 19 8530 Hjortshøj,19,810038.0,07-12-2006,Alm.,4969,4,Villa,163,1967,
Løvagervej 62 8530 Hjortshøj,62,1700500.0,29-11-2006,Alm.,9093,8,Villa,187,1969,
Mejlbyvej 628 8530 Hjortshøj,628,1062500.0,05-10-2006,Andet,8049,4,Villa,132,1998,
Salonikivej 7 8530 Hjortshøj,7,1655000.0,17-09-2006,Alm.,15613,3,Villa,106,1986,
Lille Todbjerg 10 8530 Hjortshøj,10,2360000.0,14-09-2006,Alm.,9554,7,Stuehus,247,2009,
Mejlbyvej 676 8530 Hjortshøj,676,2350000.0,06-09-2006,Alm.,8303,8,Villa,283,1907,
Kretavej 5 8530 Hjortshøj,5,1665000.0,22-08-2006,Alm.,15136,4,Villa,110,1963,
Georgsmindevej 10 8530 Hjortshøj,10,2100000.0,24-07-2006,Alm.,15555,5,Villa,135,1972,
Hjortshøj Stationsvej 22A 8530 Hjortshøj,0,2098000.0,04-07-2006,Alm.,21191,4,Rækkehus,99,2002,
Bøggildsvej 14 8530 Hjortshøj,14,975000.0,26-06-2006,Alm.,6724,6,Villa,145,1900,
Tinghøjvej 4 8530 Hjortshøj,4,1745000.0,25-06-2006,Alm.,12553,5,Villa,139,1877,
Koldkærvej 6 8530 Hjortshøj,6,3610500.0,22-06-2006,Fam.,22565,5,Stuehus,160,1902,
Grimsbrovej 7 8530 Hjortshøj,7,1750000.0,19-06-2006,Alm.,12500,4,Villa,140,1950,
Grimsbrovej 9 8530 Hjortshøj,9,1500000.0,14-06-2006,Alm.,11538,5,Villa,130,1950,
Virupvej 4D 8530 Hjortshøj,0,2295000.0,11-06-2006,Alm.,22722,4,Villa,101,1973,
Løvagervej 20 8530 Hjortshøj,20,2475000.0,07-06-2006,Alm.,20798,5,Villa,119,1971,
Østergårdstoften 140 8530 Hjortshøj,140,2433224.0,01-06-2006,Alm.,15698,5,Rækkehus,155,2006,
Østergårdstoften 144 8530 Hjortshøj,144,2365987.0,22-05-2006,Alm.,15264,5,Rækkehus,155,2006,
Østergårdstoften 142 8530 Hjortshøj,142,2426722.0,19-05-2006,Alm.,15757,5,Rækkehus,154,2006,
Melosvej 7 8530 Hjortshøj,7,1925000.0,09-05-2006,Alm.,13750,5,Villa,140,1968,
Delfivej 19 8530 Hjortshøj,19,1600000.0,29-04-2006,Alm.,10810,6,Villa,148,1977,
Østergårdstoften 138 8530 Hjortshøj,138,2254874.0,24-04-2006,Alm.,14737,5,Rækkehus,153,2006,
Østergårdstoften 146 8530 Hjortshøj,146,2211268.0,24-04-2006,Alm.,18274,4,Rækkehus,121,2006,
Virupvej 44A 8530 Hjortshøj,0,2445000.0,11-04-2006,Alm.,15673,5,Villa,156,1976,
Spørringvej 3 8530 Hjortshøj,3,1375000.0,10-04-2006,Alm.,11000,6,Villa,125,1938,
Østergårdstoften 162 8530 Hjortshøj,162,2077004.0,05-04-2006,Alm.,17165,4,Rækkehus,121,2006,
Østergårdstoften 148 8530 Hjortshøj,148,2134353.0,01-04-2006,Alm.,17639,4,Rækkehus,121,2006,
Østergårdstoften 154 8530 Hjortshøj,154,2080160.0,28-03-2006,Alm.,17191,4,Rækkehus,121,2006,
Østergårdstoften 164 8530 Hjortshøj,164,2129566.0,28-03-2006,Alm.,17599,4,Rækkehus,121,2006,
Myrhøjvej 2 8530 Hjortshøj,2,3343000.0,25-03-2006,Alm.,24762,5,Stuehus,135,1908,
Kankbøllevej 104 8530 Hjortshøj,104,3825000.0,24-03-2006,Fam.,19125,8,Stuehus,200,1864,
Højager 5 8530 Hjortshøj,5,1535000.0,19-03-2006,Alm.,0,5,Rækkehus,136,1987,
Hjortshøj Stationsvej 39 8530 Hjortshøj,39,1975000.0,07-03-2006,Alm.,0,5,Villa,169,1945,
Gammel Kirkevej 10 8530 Hjortshøj,10,1825000.0,14-02-2006,Alm.,0,8,Villa,183,1957,
Esbenvej 3 8530 Hjortshøj,3,1650000.0,03-02-2006,Alm.,11301,6,Villa,146,1914,
Georgsmindevej 15 8530 Hjortshøj,15,1770000.0,30-01-2006,Alm.,16388,4,Villa,108,1970,
Vanggårdsvej 1H 8530 Hjortshøj,0,1280000.0,23-01-2006,Alm.,9624,3,Rækkehus,133,1944,
Bækvangen 9 8530 Hjortshøj,9,1995000.0,19-01-2006,Alm.,19182,4,Rækkehus,104,1989,
Kådhøjvej 17 8530 Hjortshøj,17,625000.0,28-12-2005,Andet,4370,5,Villa,143,1964,
Virupvej 4B 8530 Hjortshøj,0,860000.0,18-12-2005,Fam.,7962,4,Rækkehus,108,1980,
Samosvej 1 8530 Hjortshøj,1,1750000.0,14-12-2005,Alm.,12589,4,Villa,139,1963,
Hjortshøj Stationsvej 30A 8530 Hjortshøj,0,1795000.0,11-12-2005,Alm.,18131,4,Rækkehus,99,2002,
Hellasvej 7 8530 Hjortshøj,7,1785000.0,05-12-2005,Alm.,12750,5,Villa,140,1963,
Salonikivej 40 8530 Hjortshøj,40,250000.0,25-11-2005,Alm.,2941,4,Stuehus,85,1877,
Hjortshøj Stationsvej 20A 8530 Hjortshøj,0,1887500.0,22-11-2005,Alm.,19065,4,Rækkehus,99,2001,
Bygbjerg 10 8530 Hjortshøj,10,1800000.0,09-11-2005,Alm.,15929,4,Villa,113,1972,
Højager 13 8530 Hjortshøj,13,859283.0,01-11-2005,Alm.,6412,6,Rækkehus,134,1987,
Lille Todbjerg 7 8530 Hjortshøj,7,2250000.0,31-10-2005,Alm.,17441,6,Stuehus,129,1920,
Hjortshøj Stationsvej 28B 8530 Hjortshøj,0,1775000.0,28-10-2005,Alm.,17750,3,Rækkehus,100,2002,
Mejlbyvej 632 8530 Hjortshøj,632,2498000.0,27-10-2005,Alm.,13877,4,Villa,180,1928,
Hjortshøj Stationsvej 28A 8530 Hjortshøj,0,1745000.0,12-10-2005,Alm.,17626,4,Rækkehus,99,2002,
Trojavej 22 8530 Hjortshøj,22,1549000.0,06-10-2005,Alm.,13587,5,Villa,114,1964,
Spørringvej 33 8530 Hjortshøj,33,179000.0,29-09-2005,Alm.,1420,5,Stuehus,126,1857,
Smedebakken 5 8530 Hjortshøj,5,2350000.0,21-09-2005,Alm.,0,7,Villa,164,1908,
Grimsbrovej 25 8530 Hjortshøj,25,850000.0,20-09-2005,Fam.,3400,3,Villa,250,2009,
Salonikivej 17 8530 Hjortshøj,17,585738.0,22-07-2005,Andet,5229,4,Villa,112,1984,
Hjortshøj Stationsvej 28C 8530 Hjortshøj,0,1695000.0,13-07-2005,Alm.,17121,4,Rækkehus,99,2001,
Mejlbyvej 626 8530 Hjortshøj,626,750000.0,07-07-2005,Alm.,17857,2,Villa,42,1953,
Bækvangen 12 8530 Hjortshøj,12,1376000.0,06-07-2005,Alm.,17417,3,Rækkehus,79,1989,
Kastrup Skovvej 3 8530 Hjortshøj,3,3000000.0,30-06-2005,Fam.,15151,5,Stuehus,198,1959,
Smedebakken 1A 8530 Hjortshøj,0,735000.0,21-06-2005,Alm.,4835,6,Villa,152,2006,
Risvangsvej 35 8530 Hjortshøj,35,1850000.0,21-06-2005,Alm.,10511,7,Villa,176,1948,
Bækvangen 15 8530 Hjortshøj,15,1695000.0,16-06-2005,Alm.,16298,4,Rækkehus,104,1989,
Hesselballevej 60 8530 Hjortshøj,60,999222.0,13-06-2005,Alm.,12810,3,Villa,78,1890,
Vanggårdsvej 1L 8530 Hjortshøj,0,1200000.0,09-06-2005,Alm.,8571,3,Rækkehus,140,1944,
Sastrupvej 11 8530 Hjortshøj,11,1595000.0,09-05-2005,Alm.,13291,4,Villa,120,1973,
Virupvej 4C 8530 Hjortshøj,0,1200000.0,02-05-2005,Alm.,11111,4,Rækkehus,108,1980,
Virupvej 56 8530 Hjortshøj,56,1998000.0,30-04-2005,Alm.,14271,5,Villa,140,1927,
Hesselballevej 32 8530 Hjortshøj,32,3800000.0,19-04-2005,Alm.,19000,10,Villa,200,1932,
Sastrupvej 6B 8530 Hjortshøj,0,450000.0,20-03-2005,Alm.,3571,5,Villa,126,2006,
Hundkærvej 14 8530 Hjortshøj,14,1500000.0,17-03-2005,Alm.,13636,3,Villa,110,1965,
Gammel Kaløvej 7 8530 Hjortshøj,7,1540000.0,11-03-2005,Alm.,8324,6,Villa,185,1932,
Skovager 8 8530 Hjortshøj,8,2970000.0,09-03-2005,Alm.,16318,7,Villa,182,1997,
Bækvangen 4 8530 Hjortshøj,4,1298000.0,01-03-2005,Alm.,16641,3,Rækkehus,78,1988,
Hundkærvej 21 8530 Hjortshøj,21,1450000.0,28-02-2005,Alm.,10431,5,Villa,139,1966,
Mejlbyvej 640 8530 Hjortshøj,640,1375000.0,22-02-2005,Alm.,9417,4,Villa,146,1935,
Delfivej 34 8530 Hjortshøj,34,1250000.0,06-02-2005,Alm.,10416,4,Villa,120,1984,
Virupvej 43 8530 Hjortshøj,43,1900000.0,01-02-2005,Alm.,11728,6,Villa,162,1914,
Attikavej 2 8530 Hjortshøj,2,1133000.0,20-01-2005,Alm.,8921,4,Villa,127,1968,
Højager 34 8530 Hjortshøj,34,1549000.0,17-01-2005,Alm.,11734,3,Rækkehus,132,1988,
Bøggildsvej 3 8530 Hjortshøj,3,1575000.0,12-01-2005,Alm.,12115,4,Villa,130,1905,
Mejlbyvej 689 8530 Hjortshøj,689,1450000.0,28-12-2004,Alm.,6170,9,Villa,235,1860,
Balshøje 1 8530 Hjortshøj,1,3465726.0,27-12-2004,Fam.,18145,6,Stuehus,191,1896,
Hesselballevej 42 8530 Hjortshøj,42,600000.0,05-12-2004,Alm.,3726,5,Villa,161,2007,
Mejlbyvej 670 8530 Hjortshøj,670,1399000.0,29-11-2004,Alm.,5686,8,Villa,246,1963,
Anneksvej 3 8530 Hjortshøj,3,808000.0,05-11-2004,Alm.,0,9,Villa,205,1827,
Risvangsvej 25 8530 Hjortshøj,25,1665000.0,08-10-2004,Alm.,6740,8,Villa,247,1911,
Delfivej 17 8530 Hjortshøj,17,1270000.0,23-09-2004,Alm.,10160,4,Villa,125,1977,
Salonikivej 23 8530 Hjortshøj,23,1040000.0,23-09-2004,Alm.,10400,3,Villa,100,1984,
Hellasvej 12 8530 Hjortshøj,12,1362000.0,22-09-2004,Alm.,8512,6,Villa,160,1964,
Skolelodden 4 8530 Hjortshøj,4,920000.0,21-09-2004,Alm.,8363,4,Villa,110,1969,
Lille Todbjerg 12 8530 Hjortshøj,12,5851000.0,02-09-2004,Alm.,34417,8,Stuehus,170,1962,
Gammel Kirkevej 78 8530 Hjortshøj,78,1680000.0,30-08-2004,Alm.,14000,5,Villa,120,1999,
Håruptoften 2 8530 Hjortshøj,2,350000.0,26-08-2004,Alm.,2500,5,Villa,140,2005,
Virupvej 44B 8530 Hjortshøj,0,1425000.0,21-08-2004,Alm.,11400,5,Villa,125,1976,
Mejlbyvej 657 8530 Hjortshøj,657,1526069.0,18-08-2004,Alm.,9537,10,Villa,160,1924,
Banetoften 10 8530 Hjortshøj,10,2275000.0,16-08-2004,Alm.,0,8,Villa,313,1998,
Mejlbyvej 618 8530 Hjortshøj,618,1175000.0,08-08-2004,Alm.,9552,5,Villa,123,1937,
Virupvej 39 8530 Hjortshøj,39,2230000.0,30-06-2004,Alm.,15067,5,Villa,148,1940,
Vanggårdsvej 1K 8530 Hjortshøj,0,1175000.0,15-06-2004,Alm.,8514,3,Rækkehus,138,1944,
Asmusvej 7 8530 Hjortshøj,7,672500.0,10-06-2004,Fam.,6226,4,Villa,108,1962,
Trojavej 26B 8530 Hjortshøj,0,1000000.0,09-06-2004,Alm.,10000,4,Rækkehus,100,1985,
Sastrupvej 8 8530 Hjortshøj,8,1450000.0,24-05-2004,Alm.,8146,7,Villa,178,1988,
Risvangsvej 39 8530 Hjortshøj,39,925000.0,17-05-2004,Alm.,7708,4,Villa,120,1954,
Virupvej 10 8530 Hjortshøj,10,1328000.0,04-05-2004,Alm.,15809,4,Villa,84,1949,
Georgsmindevej 27 8530 Hjortshøj,27,1225000.0,27-04-2004,Alm.,9423,5,Villa,130,1969,
Kankbøllevej 36 8530 Hjortshøj,36,550001.0,20-04-2004,Alm.,2736,5,Villa,201,2005,
Hesselballevej 50 8530 Hjortshøj,50,1125000.0,22-02-2004,Alm.,8272,7,Villa,136,1852,
Banetoften 9 8530 Hjortshøj,9,1449000.0,15-02-2004,Alm.,8280,6,Villa,175,1974,
Kankbøllevej 28 8530 Hjortshøj,28,550001.0,21-01-2004,Alm.,4296,2,Villa,128,2007,
Gammel Kirkevej 12 8530 Hjortshøj,12,975000.0,13-01-2004,Alm.,10483,5,Villa,93,1958,
Attikavej 19 8530 Hjortshøj,19,1470000.0,23-12-2003,Alm.,7989,7,Villa,184,1986,
Gammel Kirkevej 22 8530 Hjortshøj,22,1398000.0,19-12-2003,Alm.,12482,3,Villa,112,1955,
Hjortshøj Stationsvej 45 8530 Hjortshøj,45,1400001.0,18-12-2003,Alm.,10071,6,Villa,139,1945,
Sortemosevej 64 8530 Hjortshøj,64,828750.0,08-12-2003,Fam.,8287,4,Stuehus,100,1913,
Virupvej 67 8530 Hjortshøj,67,1656000.0,03-12-2003,Alm.,9857,6,Villa,168,1938,
Hjortshøjvangen 2B 8530 Hjortshøj,0,2250000.0,30-11-2003,Alm.,8893,6,Villa,253,1880,
Ogstrupgårdsvej 4 8530 Hjortshøj,4,1062000.0,28-11-2003,Alm.,5589,8,Stuehus,190,1904,
Spartavej 2 8530 Hjortshøj,2,1150000.0,19-11-2003,Alm.,9426,3,Villa,122,1966,
Delfivej 4 8530 Hjortshøj,4,850000.0,14-11-2003,Alm.,9444,3,Villa,90,1960,
Kankbøllevej 32 8530 Hjortshøj,32,580000.0,16-10-2003,Alm.,2959,6,Villa,196,2005,
Kankbøllevej 34 8530 Hjortshøj,34,550001.0,16-10-2003,Alm.,3353,5,Villa,164,2004,
Kådhøjvej 5 8530 Hjortshøj,5,1225000.0,15-10-2003,Alm.,0,6,Villa,183,1965,
Delfivej 18 8530 Hjortshøj,18,281500.0,10-10-2003,Andet,2132,4,Villa,132,1977,
Virupvej 44D 8530 Hjortshøj,0,1495000.0,26-08-2003,Alm.,0,7,Villa,196,1976,
Bækvangen 14 8530 Hjortshøj,14,1265000.0,15-08-2003,Alm.,12401,4,Rækkehus,102,1989,
Kalstrup 14 8530 Hjortshøj,14,961959.0,13-08-2003,Alm.,0,5,Villa,200,1915,
Skødstrupvej 59 8530 Hjortshøj,59,1198000.0,05-08-2003,Alm.,8205,5,Villa,146,1900,
Balshøje 6A 8530 Hjortshøj,0,825000.0,05-08-2003,Alm.,9166,3,Villa,90,1968,
Gammel Kirkevej 83 8530 Hjortshøj,83,395000.0,18-07-2003,Auktion,2219,6,Villa,178,2005,
Risvangsvej 21 8530 Hjortshøj,21,1275000.0,08-07-2003,Alm.,5666,9,Villa,225,1917,
Georgsmindevej 14 8530 Hjortshøj,14,1090000.0,25-06-2003,Alm.,0,5,Villa,137,1970,
Bøggildsvej 49 8530 Hjortshøj,49,1175000.0,24-06-2003,Alm.,8969,4,Villa,131,1936,
Tronkærvej 85 8530 Hjortshøj,85,2000000.0,12-06-2003,Alm.,14705,3,Villa,136,1933,
"Hjortshøj Stationsvej 8, 1 8530 Hjortshøj",1,1125000.0,06-06-2003,Fam.,5232,13,Lejlighed,215,1907,
Salonikivej 5B 8530 Hjortshøj,0,245000.0,26-05-2003,Alm.,0,6,Villa,155,2003,
Håruptoften 4 8530 Hjortshøj,4,295000.0,26-05-2003,Alm.,2360,3,Villa,125,2004,
Dammen 4C 8530 Hjortshøj,0,1318000.0,27-04-2003,Alm.,8085,4,Villa,163,1981,
Mejlbyvej 303 8530 Hjortshøj,303,1295000.0,04-04-2003,Alm.,0,6,Villa,138,1957,
Mejlbyvej 638 8530 Hjortshøj,638,1165000.0,05-03-2003,Alm.,8503,5,Villa,137,1933,
Clemensvej 4A 8530 Hjortshøj,0,125000.0,03-03-2003,Alm.,874,4,Villa,143,2003,
Håruptoften 9 8530 Hjortshøj,9,150000.0,16-02-2003,Andet,949,4,Villa,158,1981,
Løvagervej 15 8530 Hjortshøj,15,535500.0,07-02-2003,Alm.,0,7,Villa,179,1969,
Grimsbrovej 5 8530 Hjortshøj,5,1570000.0,05-02-2003,Alm.,11214,4,Villa,140,1956,
Løvagervej 41 8530 Hjortshøj,41,1229829.0,30-01-2003,Alm.,10248,4,Villa,120,1969,
Præstemarken 4 8530 Hjortshøj,4,2595000.0,29-01-2003,Alm.,14497,6,Villa,179,1950,
Korsvej 8 8530 Hjortshøj,8,5010000.0,14-01-2003,Alm.,33400,3,Stuehus,150,1868,
Bøggildsvej 2 8530 Hjortshøj,2,1050000.0,15-12-2002,Alm.,6562,5,Villa,160,1900,
Georgsmindevej 5 8530 Hjortshøj,5,1775000.0,02-12-2002,Alm.,10889,6,Villa,163,1970,
Bøggildsvej 53 8530 Hjortshøj,53,4650000.0,04-11-2002,Alm.,21136,8,Stuehus,220,1895,
Virupvej 138 8530 Hjortshøj,138,2200000.0,31-10-2002,Alm.,8695,4,Villa,253,2004,
Delfivej 30 8530 Hjortshøj,30,1165000.0,15-10-2002,Alm.,7715,7,Villa,151,1978,
Spørringvej 11 8530 Hjortshøj,11,790000.0,08-10-2002,Alm.,5642,4,Villa,140,1969,
Smedebakken 13 8530 Hjortshøj,13,1370000.0,18-09-2002,Alm.,11416,5,Rækkehus,120,1877,
Skovager 9 8530 Hjortshøj,9,2478000.0,17-09-2002,Alm.,13322,5,Villa,186,2000,
Virupvej 42C 8530 Hjortshøj,0,1200000.0,26-08-2002,Alm.,0,6,Villa,180,1976,
Spørringvej 12 8530 Hjortshøj,12,900000.0,20-08-2002,Alm.,7500,4,Stuehus,120,1923,
Løvagervej 21 8530 Hjortshøj,21,1215000.0,19-08-2002,Alm.,0,6,Villa,144,1969,
Præstemarken 8 8530 Hjortshøj,8,1750000.0,12-08-2002,Alm.,7446,5,Stuehus,235,1927,
Hundkærvej 16 8530 Hjortshøj,16,1380000.0,12-08-2002,Alm.,9200,5,Villa,150,1967,
Sortemosevej 89 8530 Hjortshøj,89,2775000.0,30-07-2002,Alm.,12729,5,Villa,218,2000,
Skødstrupvej 135 8530 Hjortshøj,135,67650.0,29-07-2002,Alm.,690,4,Stuehus,98,1934,
Bøggildsvej 26 8530 Hjortshøj,26,1050000.0,24-07-2002,Alm.,5833,6,Villa,180,1948,
Mejlbyvej 280 8530 Hjortshøj,280,940000.0,27-06-2002,Alm.,9494,4,Villa,99,1959,
Hesselballevej 56 8530 Hjortshøj,56,795000.0,24-06-2002,Alm.,7950,3,Villa,100,1700,
Mejlbyvej 664 8530 Hjortshøj,664,850000.0,11-06-2002,Alm.,0,4,Stuehus,123,1904,
Virupvej 166 8530 Hjortshøj,166,1145000.0,03-06-2002,Alm.,8945,3,Villa,128,1965,
Håruptoften 10 8530 Hjortshøj,10,280000.0,28-05-2002,Alm.,1985,5,Villa,141,2003,
Kretavej 4 8530 Hjortshøj,4,930800.0,24-05-2002,Alm.,6844,7,Villa,136,1961,
Løvagervej 50 8530 Hjortshøj,50,1050000.0,21-05-2002,Alm.,11052,4,Villa,95,1969,
Håruptoften 6 8530 Hjortshøj,6,295000.0,19-05-2002,Alm.,2234,4,Villa,132,2003,
Højager 59 8530 Hjortshøj,59,945000.0,15-05-2002,Alm.,11524,3,Rækkehus,82,1987,
Højager 17 8530 Hjortshøj,17,1355000.0,12-05-2002,Alm.,9344,6,Rækkehus,145,1987,
Bøggildsvej 50 8530 Hjortshøj,50,1250000.0,03-05-2002,Alm.,0,12,Villa,281,1877,
Attikavej 11 8530 Hjortshøj,11,1300000.0,01-05-2002,Alm.,7831,6,Villa,166,1986,
Delfivej 23 8530 Hjortshøj,23,850000.0,17-04-2002,Alm.,0,5,Villa,152,1977,
Hjortshøj Stationsvej 18A 8530 Hjortshøj,0,1198000.0,26-03-2002,Alm.,12101,4,Rækkehus,99,2002,
Hæstvej 2A 8530 Hjortshøj,0,150000.0,04-03-2002,Alm.,980,5,Villa,153,2002,
Mølleager 3 8530 Hjortshøj,3,1010000.0,03-02-2002,Alm.,0,5,Villa,136,1967,
Clemensvej 10 8530 Hjortshøj,10,4325000.0,02-02-2002,Alm.,22883,6,Stuehus,189,1989,
Asmusvej 13 8530 Hjortshøj,13,1075000.0,17-01-2002,Alm.,8398,6,Villa,128,1966,
Hundkærvej 17 8530 Hjortshøj,17,1000000.0,05-12-2001,Fam.,9433,4,Villa,106,1966,
Banetoften 4 8530 Hjortshøj,4,1100000.0,16-11-2001,Alm.,0,5,Rækkehus,131,1948,
Skolelodden 44 8530 Hjortshøj,44,467500.0,15-11-2001,Alm.,3387,5,Villa,138,1978,
Mejlbyvej 639 8530 Hjortshøj,639,700000.0,12-11-2001,Alm.,4729,4,Villa,148,1912,
Spørringvej 42 8530 Hjortshøj,42,1775000.0,06-11-2001,Alm.,5314,7,Villa,334,1907,
Hjortshøj Stationsvej 24D 8530 Hjortshøj,0,1198000.0,29-10-2001,Alm.,12101,4,Rækkehus,99,2001,
Mejlby Toften 7 8530 Hjortshøj,7,1100000.0,23-10-2001,Alm.,6918,5,Villa,159,1965,
Lille Todbjerg 14 8530 Hjortshøj,14,2045000.0,17-10-2001,Alm.,9008,7,Villa,227,1914,
Hjortshøj Stationsvej 24B 8530 Hjortshøj,0,1198000.0,11-10-2001,Alm.,11980,3,Rækkehus,100,2002,
Bækvangen 10 8530 Hjortshøj,10,910084.0,13-09-2001,Alm.,11667,3,Rækkehus,78,1989,
Hæstvej 2 8530 Hjortshøj,2,3265000.0,10-09-2001,Alm.,17553,7,Stuehus,186,1895,
Attikavej 6 8530 Hjortshøj,6,1295000.0,05-09-2001,Alm.,7115,6,Villa,182,1968,
Spørringvej 19 8530 Hjortshøj,19,1060000.0,25-07-2001,Alm.,3430,9,Stuehus,309,1906,
Mykenevej 5 8530 Hjortshøj,5,1010000.0,23-07-2001,Alm.,8416,4,Villa,120,1967,
Bakkevej 4 8530 Hjortshøj,4,800000.0,25-06-2001,Alm.,0,6,Villa,184,1961,
Gammel Kirkevej 14J 8530 Hjortshøj,0,1200000.0,20-06-2001,Alm.,8759,4,Villa,137,1973,
Hesselballevej 68 8530 Hjortshøj,68,3167400.0,18-06-2001,Fam.,21116,5,Stuehus,150,1850,
Bækvangen 3 8530 Hjortshøj,3,1098000.0,06-06-2001,Alm.,10557,4,Rækkehus,104,1988,
Tronkærvej 95 8530 Hjortshøj,95,1855000.0,03-05-2001,Alm.,12619,6,Stuehus,147,1913,
Bækvangen 22 8530 Hjortshøj,22,917359.0,27-04-2001,Alm.,11466,3,Rækkehus,80,1989,
Sensommervej 131 8530 Hjortshøj,131,1610000.0,25-04-2001,Alm.,10662,6,Villa,151,1998,
Samosvej 13 8530 Hjortshøj,13,1158900.0,12-04-2001,Alm.,8397,5,Villa,138,1964,
Løvagervej 23 8530 Hjortshøj,23,1269972.0,10-04-2001,Alm.,10854,5,Villa,117,1969,
Løvagervej 52 8530 Hjortshøj,52,1291000.0,16-03-2001,Alm.,7594,7,Villa,170,1969,
Risvangsvej 33 8530 Hjortshøj,33,2045000.0,10-03-2001,Alm.,12393,5,Stuehus,165,1935,
Håruptoften 8 8530 Hjortshøj,8,295000.0,27-02-2001,Alm.,1878,5,Villa,157,2002,
Hundkærvej 30 8530 Hjortshøj,30,1263000.0,01-12-2000,Alm.,7844,6,Villa,161,1970,
Bækvangen 2 8530 Hjortshøj,2,910000.0,28-11-2000,Alm.,11375,3,Rækkehus,80,1988,
Salonikivej 10 8530 Hjortshøj,10,1531756.0,21-11-2000,Alm.,0,8,Villa,238,1987,
Bækvangen 6 8530 Hjortshøj,6,898000.0,16-11-2000,Alm.,11512,3,Rækkehus,78,1989,
Bøggildsvej 46 8530 Hjortshøj,46,1575000.0,09-11-2000,Alm.,0,6,Villa,183,1936,
Mejlbyvej 606 8530 Hjortshøj,606,11787549.0,31-10-2000,Alm.,0,8,Stuehus,367,1850,
Mølleager 6 8530 Hjortshøj,6,2100000.0,01-10-2000,Alm.,15789,6,Villa,133,1967,
Gammel Kaløvej 6 8530 Hjortshøj,6,1650000.0,05-09-2000,Alm.,8009,6,Stuehus,206,1909,
Risvangsvej 29 8530 Hjortshøj,29,1004000.0,05-09-2000,Alm.,6197,6,Stuehus,162,1895,
Asmusvænget 14 8530 Hjortshøj,14,1020000.0,24-08-2000,Fam.,5312,6,Villa,192,1969,
Sensommervej 18 8530 Hjortshøj,18,1315000.0,20-08-2000,Alm.,11954,4,Rækkehus,110,1999,
Hesselballevej 46A 8530 Hjortshøj,0,2049005.0,10-07-2000,Alm.,0,7,Villa,192,1972,
Sensommervej 8 8530 Hjortshøj,8,1098000.0,28-06-2000,Alm.,12917,3,Rækkehus,85,2000,
Ogstrupgårdsvej 11 8530 Hjortshøj,11,687519.0,19-06-2000,Andet,2925,8,Stuehus,235,1939,
Samosvej 15 8530 Hjortshøj,15,377908.0,07-06-2000,Andet,0,5,Villa,166,1964,
Klokbakken 9 8530 Hjortshøj,9,980405.0,05-06-2000,Alm.,5835,6,Villa,168,1957,
Mejlbyvej 662 8530 Hjortshøj,662,1299754.0,17-05-2000,Alm.,0,5,Stuehus,185,1905,
Spørringvej 8 8530 Hjortshøj,8,1250000.0,05-05-2000,Alm.,12500,4,Villa,100,1963,
Kalstrup 5 8530 Hjortshøj,5,1550000.0,28-04-2000,Alm.,11313,6,Stuehus,137,1940,
Gammel Kirkevej 52 8530 Hjortshøj,52,928500.0,19-04-2000,Alm.,7253,3,Rækkehus,128,1993,
Mølledalen 25 8530 Hjortshøj,25,807500.0,14-04-2000,Alm.,0,5,Villa,126,1968,
Sensommervej 6 8530 Hjortshøj,6,1078000.0,28-02-2000,Alm.,12682,3,Rækkehus,85,2000,
Lille Todbjerg 8 8530 Hjortshøj,8,1150000.0,26-02-2000,Andet,6284,6,Villa,183,1919,
Attikavej 15 8530 Hjortshøj,15,419399.0,22-02-2000,Fam.,3129,5,Villa,134,1985,
Svinget 8 8530 Hjortshøj,8,1020108.0,17-02-2000,Alm.,7787,6,Villa,131,1921,
Clemensvej 2 8530 Hjortshøj,2,914345.0,06-02-2000,Fam.,5714,5,Stuehus,160,1965,
Asmusvænget 13 8530 Hjortshøj,13,1452000.0,13-01-2000,Alm.,8853,6,Villa,164,1965,
Bøggildsvej 17 8530 Hjortshøj,17,2112742.0,20-12-1999,Alm.,12072,5,Stuehus,175,1910,
Løvagervej 24 8530 Hjortshøj,24,889842.0,15-12-1999,Alm.,0,5,Villa,135,1969,
Mejlbyvej 646 8530 Hjortshøj,646,3650000.0,10-12-1999,Fam.,17718,6,Stuehus,206,1913,
Engvej 2 8530 Hjortshøj,2,650000.0,29-11-1999,Fam.,0,7,Villa,150,1920,
Salonikivej 5C 8530 Hjortshøj,0,245000.0,26-11-1999,Alm.,1762,4,Villa,139,2000,
Spørringvej 13 8530 Hjortshøj,13,770000.0,12-11-1999,Alm.,9277,3,Villa,83,1959,
Gammel Kaløvej 27 8530 Hjortshøj,27,850000.0,29-10-1999,Alm.,0,6,Villa,143,1909,
Sensommervej 11 8530 Hjortshøj,11,1225000.0,27-10-1999,Alm.,11136,3,Rækkehus,110,1999,
Kaløvej 37 8530 Hjortshøj,37,1104390.0,26-10-1999,Andet,9203,6,Stuehus,120,1885,
Sensommervej 16 8530 Hjortshøj,16,1098000.0,12-10-1999,Alm.,12917,3,Rækkehus,85,1999,
Delfivej 38 8530 Hjortshøj,38,1100000.0,29-09-1999,Alm.,0,6,Villa,161,1978,
Højager 21 8530 Hjortshøj,21,1210150.0,23-09-1999,Alm.,9237,5,Rækkehus,131,1987,
Spørringvej 1 8530 Hjortshøj,1,487500.0,16-09-1999,Alm.,0,5,Rækkehus,214,1880,
Sensommervej 22 8530 Hjortshøj,22,1225000.0,05-09-1999,Alm.,11136,4,Rækkehus,110,1999,
Mølleager 7 8530 Hjortshøj,7,1025000.0,01-09-1999,Alm.,0,6,Villa,148,1967,
Trojavej 16 8530 Hjortshøj,16,1175000.0,31-08-1999,Alm.,11190,3,Villa,105,1966,
Højager 29 8530 Hjortshøj,29,1016035.0,23-08-1999,Andet,7755,5,Rækkehus,131,1987,
Stendyssevej 14 8530 Hjortshøj,14,1075000.0,14-07-1999,Alm.,10539,4,Villa,102,1980,
Hundkærvej 34 8530 Hjortshøj,34,1035000.0,05-07-1999,Alm.,5505,6,Villa,188,1970,
Bækvangen 28 8530 Hjortshøj,28,1070000.0,02-07-1999,Alm.,10490,4,Rækkehus,102,1989,
Skovager 25 8530 Hjortshøj,25,382200.0,30-06-1999,Alm.,2514,6,Villa,152,1999,
Sensommervej 26 8530 Hjortshøj,26,1191000.0,24-06-1999,Alm.,11676,4,Rækkehus,102,1999,
Skovager 5 8530 Hjortshøj,5,369600.0,21-06-1999,Alm.,2384,5,Villa,155,2001,
Bøggildsvej 8 8530 Hjortshøj,8,416500.0,12-06-1999,Fam.,0,3,Villa,131,1910,
Sensommervej 2 8530 Hjortshøj,2,1235000.0,10-06-1999,Alm.,11227,4,Rækkehus,110,1999,
Sensommervej 30 8530 Hjortshøj,30,1205000.0,30-05-1999,Alm.,11367,4,Rækkehus,106,1999,
Hundkærvej 32 8530 Hjortshøj,32,900000.0,14-05-1999,Alm.,8181,4,Villa,110,1969,
Trojavej 15 8530 Hjortshøj,15,1290000.0,06-05-1999,Alm.,7724,4,Villa,167,1967,
Håruptoften 12 8530 Hjortshøj,12,295000.0,16-04-1999,Alm.,1569,6,Villa,188,2001,
Skovager 3 8530 Hjortshøj,3,378525.0,13-04-1999,Alm.,2540,5,Villa,149,1999,
Kalstrup 18 8530 Hjortshøj,18,990000.0,12-04-1999,Alm.,7279,5,Villa,136,1915,
Højager 32 8530 Hjortshøj,32,1098773.0,07-04-1999,Alm.,8324,4,Rækkehus,132,1989,
Sensommervej 28 8530 Hjortshøj,28,1098000.0,30-03-1999,Alm.,12917,3,Rækkehus,85,1999,
Sensommervej 32 8530 Hjortshøj,32,1098000.0,29-03-1999,Alm.,12917,3,Rækkehus,85,1999,
Trojavej 14 8530 Hjortshøj,14,829486.0,21-03-1999,Alm.,0,5,Villa,155,1964,
Georgsmindevej 18 8530 Hjortshøj,18,985000.0,16-03-1999,Alm.,0,5,Villa,142,1970,
Højager 25 8530 Hjortshøj,25,1236000.0,03-03-1999,Andet,8643,6,Rækkehus,143,1986,
Hjortshøj Stationsvej 41 8530 Hjortshøj,41,1060000.0,23-02-1999,Alm.,7910,5,Villa,134,1955,
Skovager 21 8530 Hjortshøj,21,382725.0,22-02-1999,Alm.,2568,6,Villa,149,1999,
Skovager 27 8530 Hjortshøj,27,400575.0,12-02-1999,Alm.,2237,8,Villa,179,1999,
Løvagervej 28 8530 Hjortshøj,28,1268079.0,09-02-1999,Alm.,0,8,Villa,197,1971,
Banetoften 8 8530 Hjortshøj,8,175000.0,24-01-1999,Alm.,1114,4,Villa,157,2000,
Banetoften 12 8530 Hjortshøj,12,155000.0,12-01-1999,Alm.,676,8,Villa,229,1999,
Smedebakken 7 8530 Hjortshøj,7,660000.0,28-12-1998,Alm.,3707,5,Villa,178,1902,
Asmusvænget 11 8530 Hjortshøj,11,1497000.0,09-12-1998,Alm.,8703,4,Villa,172,1968,
Mykenevej 4 8530 Hjortshøj,4,355000.0,25-11-1998,Andet,3169,4,Villa,112,1966,
Højager 53 8530 Hjortshøj,53,1296548.0,27-10-1998,Alm.,9066,6,Rækkehus,143,1987,
Hesselballevej 73 8530 Hjortshøj,73,760000.0,19-10-1998,Alm.,4086,6,Villa,186,2003,
"Skødstrupvej 180, ST. TV 8530 Hjortshøj",0,1169061.0,14-10-1998,Alm.,9504,5,Rækkehus,123,1906,
Delfivej 21 8530 Hjortshøj,21,850000.0,05-10-1998,Alm.,0,6,Villa,161,1978,
Mejlbyvej 440 8530 Hjortshøj,440,803679.0,05-10-1998,Alm.,6697,5,Stuehus,120,1933,
Bygbjerg 16 8530 Hjortshøj,16,1024000.0,11-08-1998,Alm.,7816,4,Villa,131,1972,
Mejlbyvej 611 8530 Hjortshøj,611,1497000.0,01-08-1998,Alm.,0,6,Stuehus,195,1936,
Gammel Kirkevej 68 8530 Hjortshøj,68,75421.0,14-06-1998,Alm.,603,5,Villa,125,1999,
Mejlbyvej 608 8530 Hjortshøj,608,500000.0,08-06-1998,Alm.,2380,3,Stuehus,210,1948,
Løvagervej 19 8530 Hjortshøj,19,1200872.0,02-06-1998,Alm.,9606,5,Villa,125,1969,
Skovager 19 8530 Hjortshøj,19,425775.0,27-05-1998,Alm.,2661,6,Villa,160,2000,
Mejlbyvej 648 8530 Hjortshøj,648,600000.0,19-05-1998,Alm.,5042,4,Villa,119,1965,
Hundkærvej 12 8530 Hjortshøj,12,537896.0,18-05-1998,Fam.,4074,4,Villa,132,1965,
Virupvej 37 8530 Hjortshøj,37,515000.0,11-05-1998,Alm.,3322,5,Villa,155,1999,
Skovager 14 8530 Hjortshøj,14,391650.0,05-05-1998,Alm.,2682,5,Villa,146,1998,
Skovager 13 8530 Hjortshøj,13,407400.0,02-05-1998,Alm.,3040,6,Villa,134,1998,
Skovager 22 8530 Hjortshøj,22,394275.0,01-05-1998,Alm.,2292,6,Villa,172,1998,
Skovager 15 8530 Hjortshøj,15,405825.0,28-04-1998,Alm.,2878,7,Villa,141,1999,
Sensommervej 133 8530 Hjortshøj,133,317000.0,20-04-1998,Alm.,0,4,Villa,144,1998,
Sensommervej 70 8530 Hjortshøj,70,347000.0,08-04-1998,Alm.,0,6,Villa,171,1998,
Mølledalen 23 8530 Hjortshøj,23,869000.0,06-04-1998,Alm.,8519,6,Villa,102,1967,
Kastrup Skovvej 6 8530 Hjortshøj,6,375000.0,23-03-1998,Alm.,5434,3,Villa,69,1877,
Grimsbrovej 11 8530 Hjortshøj,11,150000.0,25-02-1998,Fam.,1162,5,Villa,129,1914,
Mølledalen 18 8530 Hjortshøj,18,1126565.0,11-02-1998,Alm.,7560,6,Villa,149,1967,
Salonikivej 5A 8530 Hjortshøj,0,245000.0,02-02-1998,Alm.,1991,5,Villa,123,1998,
Klokbakken 12 8530 Hjortshøj,12,1790000.0,20-01-1998,Alm.,9322,5,Stuehus,192,1850,
Georgsmindevej 16 8530 Hjortshøj,16,889000.0,09-01-1998,Alm.,9260,4,Villa,96,1971,
Clemensvej 4 8530 Hjortshøj,4,410000.0,30-12-1997,Fam.,4767,3,Villa,86,1946,
Kaløvej 33 8530 Hjortshøj,33,945000.0,22-12-1997,Alm.,7560,5,Villa,125,1938,
Gyden 2 8530 Hjortshøj,2,430228.0,12-12-1997,Alm.,2078,6,Villa,207,1998,
Mejlby Toften 4 8530 Hjortshøj,4,670000.0,25-11-1997,Alm.,6380,4,Villa,105,1965,
Risvangsvej 43 8530 Hjortshøj,43,405333.0,09-10-1997,Alm.,5874,2,Villa,69,1949,
Løvagervej 1 8530 Hjortshøj,1,477097.0,07-10-1997,Alm.,2282,6,Villa,209,1972,
Højager 33 8530 Hjortshøj,33,1163850.0,14-09-1997,Alm.,8138,6,Rækkehus,143,1987,
Risvangsvej 8 8530 Hjortshøj,8,185000.0,25-08-1997,Alm.,925,5,Stuehus,200,1860,
Skolelodden 2 8530 Hjortshøj,2,927677.0,04-08-1997,Alm.,7481,5,Villa,124,1972,
Virupvej 59 8530 Hjortshøj,59,1273300.0,24-06-1997,Alm.,7276,5,Villa,175,1900,
Klokbakken 4 8530 Hjortshøj,4,947000.0,19-06-1997,Alm.,6313,5,Villa,150,1900,
Sensommervej 72 8530 Hjortshøj,72,322000.0,05-06-1997,Alm.,1840,3,Villa,175,1998,
Salonikivej 11 8530 Hjortshøj,11,931258.0,30-05-1997,Alm.,7275,5,Villa,128,1987,
Gyden 8 8530 Hjortshøj,8,90000.0,30-05-1997,Alm.,978,4,Villa,92,1877,
Delfivej 8 8530 Hjortshøj,8,991000.0,27-05-1997,Alm.,7623,4,Villa,130,1966,
Kaløvej 38 8530 Hjortshøj,38,831142.0,24-05-1997,Alm.,0,6,Villa,223,1900,
Vanggårdsvej 20 8530 Hjortshøj,20,1250000.0,21-05-1997,Alm.,9398,4,Villa,133,1985,
Højager 15 8530 Hjortshøj,15,778000.0,12-05-1997,Auktion,5365,6,Rækkehus,145,1987,
Mejlbyvej 673 8530 Hjortshøj,673,454792.0,05-02-1997,Alm.,3697,4,Villa,123,1940,
Mejlbyvej 699 8530 Hjortshøj,699,350000.0,05-02-1997,Alm.,2333,4,Villa,150,1964,
Gammel Kaløvej 13 8530 Hjortshøj,13,275000.0,30-01-1997,Alm.,0,7,Villa,168,1942,
Skovager 6 8530 Hjortshøj,6,239064.0,28-01-1997,Alm.,1313,5,Villa,182,1997,
Skovager 10 8530 Hjortshøj,10,259399.0,28-01-1997,Alm.,1425,5,Villa,182,1997,
Spørringvej 46 8530 Hjortshøj,46,1362000.0,26-01-1997,Alm.,9869,6,Stuehus,138,1909,
Skovager 12 8530 Hjortshøj,12,973004.0,22-01-1997,Alm.,5346,7,Villa,182,1997,
Kalstrup 9 8530 Hjortshøj,9,404194.0,12-12-1996,Alm.,4299,4,Stuehus,94,1915,
Grimsbrovej 2 8530 Hjortshøj,2,800000.0,08-12-1996,Alm.,5333,7,Stuehus,150,1920,
Løvagervej 35 8530 Hjortshøj,35,1015019.0,28-11-1996,Alm.,6858,5,Villa,148,1969,
Virupvej 63 8530 Hjortshøj,63,747111.0,25-11-1996,Alm.,4980,4,Villa,150,1912,
Mykenevej 7 8530 Hjortshøj,7,652000.0,02-11-1996,Alm.,5769,4,Villa,113,1966,
Virupvej 65 8530 Hjortshøj,65,685535.0,24-09-1996,Alm.,7371,4,Villa,93,1928,
Mejlbyvej 675 8530 Hjortshøj,675,595000.0,04-09-1996,Alm.,3993,5,Villa,149,1877,
Tinghøjvej 1 8530 Hjortshøj,1,39327.0,23-08-1996,Alm.,227,5,Villa,173,1995,
Gammel Kirkevej 36 8530 Hjortshøj,36,21240.0,19-08-1996,Alm.,244,2,Rækkehus,87,1996,
Gammel Kaløvej 23 8530 Hjortshøj,23,1449000.0,14-08-1996,Alm.,4528,11,Villa,320,1974,
Bøggildsvej 5 8530 Hjortshøj,5,450000.0,14-08-1996,Alm.,4687,5,Villa,96,1877,
Ogstrupgårdsvej 13 8530 Hjortshøj,13,1282000.0,30-07-1996,Alm.,8546,5,Stuehus,150,1951,
Gyden 3 8530 Hjortshøj,3,430000.0,24-07-1996,Alm.,4387,5,Villa,98,1945,
Mejlbyvej 276 8530 Hjortshøj,276,1179000.0,09-07-1996,Alm.,0,6,Villa,181,1959,
Risvang 5 8530 Hjortshøj,5,1764000.0,09-07-1996,Fam.,16036,5,Stuehus,110,1941,
Bækvangen 1 8530 Hjortshøj,1,898000.0,03-07-1996,Alm.,8552,4,Rækkehus,105,1989,
Hundkærvej 3A 8530 Hjortshøj,0,949000.0,20-06-1996,Alm.,0,9,Villa,217,1964,
Bøggildsvej 1 8530 Hjortshøj,1,290000.0,20-06-1996,Fam.,1920,6,Villa,151,1956,
Bygballevej 1 8530 Hjortshøj,1,440000.0,20-06-1996,Fam.,4190,4,Villa,105,1968,
Mejlbyvej 265 8530 Hjortshøj,265,394388.0,12-06-1996,Andet,2191,5,Villa,180,1827,
Mejlbyvej 653 8530 Hjortshøj,653,690760.0,20-04-1996,Alm.,5615,4,Villa,123,1957,
Salonikivej 25 8530 Hjortshøj,25,913670.0,08-04-1996,Alm.,7742,4,Villa,118,1986,
Mejlbyvej 654B 8530 Hjortshøj,0,654000.0,21-03-1996,Alm.,3824,5,Villa,171,1901,
Attikavej 9 8530 Hjortshøj,9,949443.0,14-03-1996,Alm.,6458,6,Villa,147,1986,
Bøggildsvej 7 8530 Hjortshøj,7,430000.0,12-03-1996,Alm.,4942,3,Villa,87,1935,
Hesselballevej 57 8530 Hjortshøj,57,305000.0,24-01-1996,Alm.,4066,3,Rækkehus,75,1875,
Risvangsvej 27 8530 Hjortshøj,27,2350000.0,12-01-1996,Fam.,6676,9,Stuehus,352,2001,
Mejlby Toften 5 8530 Hjortshøj,5,259000.0,21-12-1995,Andet,2271,3,Villa,114,1964,
Koldkærvej 7 8530 Hjortshøj,7,825000.0,11-12-1995,Alm.,0,5,Stuehus,195,1900,
Georgsmindevej 41 8530 Hjortshøj,41,829040.0,07-11-1995,Alm.,6377,5,Villa,130,1971,
Bøggildsvej 20 8530 Hjortshøj,20,726000.0,30-10-1995,Alm.,3241,9,Villa,224,1877,
Attikavej 4 8530 Hjortshøj,4,898000.0,26-10-1995,Alm.,5442,5,Villa,165,1974,
Mejlby Toften 3 8530 Hjortshøj,3,570000.0,25-10-1995,Alm.,5089,5,Villa,112,1966,
Spørringvej 10 8530 Hjortshøj,10,81833.0,06-10-1995,Alm.,315,11,Stuehus,259,1865,
Bøggildsvej 44 8530 Hjortshøj,44,752000.0,02-10-1995,Alm.,5529,3,Villa,136,1965,
Klokbakken 13 8530 Hjortshøj,13,400140.0,30-09-1995,Alm.,0,5,Villa,146,1948,
Delfivej 13 8530 Hjortshøj,13,615000.0,30-08-1995,Alm.,0,4,Villa,144,1977,
Mejlbyvej 668 8530 Hjortshøj,668,500000.0,28-08-1995,Alm.,5263,4,Villa,95,1938,
Kalstrup 1 8530 Hjortshøj,1,140000.0,25-08-1995,Alm.,0,2,Villa,147,1912,
Stendyssevej 5 8530 Hjortshøj,5,460000.0,16-08-1995,Alm.,0,6,Villa,151,1959,
Gyden 12 8530 Hjortshøj,12,300000.0,14-08-1995,Fam.,3750,3,Villa,80,1934,
Lille Todbjerg 9A 8530 Hjortshøj,0,1195000.0,03-07-1995,Alm.,4686,8,Villa,255,1857,
Løvagervej 22 8530 Hjortshøj,22,853700.0,29-05-1995,Alm.,6054,5,Villa,141,1969,
Virupvej 40A 8530 Hjortshøj,0,206789.0,16-05-1995,Alm.,1737,4,Villa,119,1978,
Virupvej 44E 8530 Hjortshøj,0,800000.0,08-05-1995,Alm.,6400,3,Villa,125,1976,
Melosvej 1 8530 Hjortshøj,1,281000.0,01-05-1995,Alm.,2701,3,Villa,104,1900,
Virupvej 13 8530 Hjortshøj,13,555000.0,04-04-1995,Fam.,3264,7,Stuehus,170,1828,
Ogstrupgårdsvej 6 8530 Hjortshøj,6,767800.0,08-03-1995,Alm.,4337,6,Villa,177,1925,
Virupvej 4 8530 Hjortshøj,4,843000.0,27-02-1995,Alm.,6338,5,Rækkehus,133,1983,
Mejlbyvej 614 8530 Hjortshøj,614,532600.0,01-02-1995,Alm.,0,6,Villa,160,1969,
Virupvej 16 8530 Hjortshøj,16,305525.0,30-01-1995,Andet,0,6,Villa,144,1944,
Bøggildsvej 40 8530 Hjortshøj,40,414325.0,20-01-1995,Alm.,3908,3,Stuehus,106,1998,
Argosvej 8 8530 Hjortshøj,8,375000.0,16-01-1995,Alm.,3640,5,Villa,103,1963,
Skødstrupvej 163 8530 Hjortshøj,163,1189000.0,12-01-1995,Alm.,5284,7,Engroshandel,225,1963,
Anneksvej 5 8530 Hjortshøj,5,377000.0,11-12-1994,Alm.,0,4,Villa,134,1877,
Bækvangen 5 8530 Hjortshøj,5,793000.0,05-12-1994,Alm.,7552,4,Rækkehus,105,1988,
Hesselballevej 38 8530 Hjortshøj,38,1160000.0,28-11-1994,Alm.,7250,5,Stuehus,160,1982,
Georgsmindevej 43 8530 Hjortshøj,43,836000.0,27-10-1994,Alm.,5765,5,Villa,145,1971,
Mølledalen 13 8530 Hjortshøj,13,740000.0,13-10-1994,Alm.,5068,5,Villa,146,1974,
Salonikivej 19 8530 Hjortshøj,19,694120.0,09-10-1994,Alm.,6088,4,Villa,114,1986,
Hundkærvej 28 8530 Hjortshøj,28,550000.0,07-10-1994,Alm.,3107,6,Villa,177,1968,
Skolelodden 34 8530 Hjortshøj,34,540000.0,07-10-1994,Alm.,4354,5,Villa,124,1970,
Gammel Kirkevej 99 8530 Hjortshøj,99,530000.0,06-10-1994,Alm.,0,5,Villa,158,1900,
Spartavej 6 8530 Hjortshøj,6,761000.0,25-08-1994,Alm.,4726,5,Villa,161,1964,
Hundkærvej 5A 8530 Hjortshøj,0,855000.0,13-07-1994,Alm.,4384,5,Villa,195,1968,
Anneksvej 2 8530 Hjortshøj,2,168792.0,23-05-1994,Alm.,1455,4,Villa,116,1933,
Tinghøjvej 6 8530 Hjortshøj,6,480000.0,18-05-1994,Alm.,3692,5,Villa,130,1926,
Engvej 4 8530 Hjortshøj,4,950000.0,17-05-1994,Alm.,5937,4,Villa,160,1967,
Spørringvej 30 8530 Hjortshøj,30,763539.0,21-04-1994,Alm.,3534,10,Villa,216,1880,
Gammel Kirkevej 28 8530 Hjortshøj,28,392365.0,08-03-1994,Alm.,0,7,Villa,129,1954,
Virupvej 45A 8530 Hjortshøj,0,800000.0,07-03-1994,Alm.,6557,4,Villa,122,1983,
Mejlbyvej 647 8530 Hjortshøj,647,273000.0,23-02-1994,Alm.,1950,3,Villa,140,1909,
Clemensvej 9 8530 Hjortshøj,9,435000.0,16-11-1993,Alm.,0,6,Villa,236,1908,
Dammen 4B 8530 Hjortshøj,0,240000.0,31-10-1993,Alm.,628,9,Villa,382,1938,
Mejlbyvej 285 8530 Hjortshøj,285,697000.0,29-10-1993,Alm.,3400,5,Villa,205,1971,
Skolelodden 48 8530 Hjortshøj,48,750000.0,02-09-1993,Alm.,6000,4,Villa,125,1975,
Bøggildsvej 28A 8530 Hjortshøj,0,480000.0,17-08-1993,Alm.,3555,5,Villa,135,1914,
Præstemarken 11 8530 Hjortshøj,11,520000.0,02-08-1993,Fam.,5909,3,Stuehus,88,1927,
Asmusvænget 2 8530 Hjortshøj,2,565000.0,07-07-1993,Alm.,5044,4,Villa,112,1962,
Dammen 6 8530 Hjortshøj,6,239416.0,25-06-1993,Andet,1710,5,Villa,140,1979,
Højager 2 8530 Hjortshøj,2,589000.0,28-05-1993,Alm.,0,6,Rækkehus,170,1988,
Hundkærvej 13 8530 Hjortshøj,13,633000.0,28-05-1993,Alm.,5807,4,Villa,109,1967,
Mølledalen 14 8530 Hjortshøj,14,540000.0,27-04-1993,Alm.,0,4,Villa,127,1967,
Gammel Kaløvej 1 8530 Hjortshøj,1,470000.0,29-03-1993,Alm.,2079,6,Villa,226,1907,
Mejlbyvej 669 8530 Hjortshøj,669,465000.0,17-03-1993,Alm.,4946,3,Villa,94,1951,
Spørringvej 35 8530 Hjortshøj,35,1093000.0,15-02-1993,Alm.,0,6,Stuehus,159,1975,
Virupvej 50 8530 Hjortshøj,50,585477.0,14-12-1992,Fam.,4336,4,Villa,135,1965,
Hundkærvej 23 8530 Hjortshøj,23,570000.0,07-12-1992,Alm.,0,5,Villa,125,1965,
Ogstrupgårdsvej 10 8530 Hjortshøj,10,482846.0,02-12-1992,Alm.,5364,3,Villa,90,1960,
Løvagervej 43 8530 Hjortshøj,43,595000.0,29-09-1992,Alm.,6329,4,Villa,94,1969,
Anneksvej 9 8530 Hjortshøj,9,225250.0,19-09-1992,Fam.,1773,4,Villa,127,1979,
Hesselballevej 81 8530 Hjortshøj,81,385000.0,09-09-1992,Alm.,0,8,Villa,193,1890,
Bøggildsvej 13 8530 Hjortshøj,13,346293.0,06-09-1992,Alm.,0,3,Villa,118,1877,
Hjortshøj Stationsvej 34 8530 Hjortshøj,34,629040.0,04-08-1992,Alm.,5566,5,Villa,113,1936,
Delfivej 22 8530 Hjortshøj,22,525000.0,27-07-1992,Fam.,4605,4,Villa,114,1978,
Balshøje 5 8530 Hjortshøj,5,930800.0,08-07-1992,Alm.,6894,4,Stuehus,135,1916,
Hæstvej 4 8530 Hjortshøj,4,5500000.0,07-07-1992,Fam.,30555,10,Stuehus,180,1895,
Højager 27 8530 Hjortshøj,27,928000.0,10-05-1992,Alm.,6489,6,Rækkehus,143,1986,
Mølledalen 15B 8530 Hjortshøj,0,374230.0,06-04-1992,Alm.,4158,4,Rækkehus,90,1981,
Dammen 4A 8530 Hjortshøj,0,623790.0,31-03-1992,Alm.,5471,3,Villa,114,1985,
Kankbøllevej 70 8530 Hjortshøj,70,550000.0,15-03-1992,Alm.,5000,4,Stuehus,110,1910,
Løvagervej 31 8530 Hjortshøj,31,340000.0,02-03-1992,Fam.,2677,5,Villa,127,1972,
Løvagervej 6 8530 Hjortshøj,6,655000.0,17-02-1992,Alm.,5038,4,Villa,130,1967,
Kastrup Skovvej 1 8530 Hjortshøj,1,854074.0,14-02-1992,Fam.,5023,6,Stuehus,170,1827,
Mølleager 10 8530 Hjortshøj,10,775000.0,23-01-1992,Alm.,5535,4,Villa,140,1968,
